#include "generated/subzero_language_v1.generated.h"

static const uint8_t cetta_subzero_language_v1_manifest_v1[] = {
    0x28, 0x67, 0x73, 0x6c, 0x74, 0x2d, 0x6c, 0x61, 0x6e, 0x67, 0x75, 0x61, 0x67, 0x65, 0x2d, 0x76,
    0x31, 0x0a, 0x20, 0x20, 0x28, 0x6e, 0x61, 0x6d, 0x65, 0x20, 0x73, 0x75, 0x62, 0x7a, 0x65, 0x72,
    0x6f, 0x29, 0x0a, 0x20, 0x20, 0x28, 0x73, 0x79, 0x6e, 0x74, 0x61, 0x78, 0x2d, 0x62, 0x61, 0x63,
    0x6b, 0x65, 0x6e, 0x64, 0x20, 0x68, 0x65, 0x2d, 0x72, 0x65, 0x61, 0x64, 0x65, 0x72, 0x2d, 0x64,
    0x69, 0x72, 0x65, 0x63, 0x74, 0x2d, 0x76, 0x31, 0x29, 0x0a, 0x20, 0x20, 0x28, 0x74, 0x65, 0x72,
    0x6d, 0x2d, 0x61, 0x62, 0x69, 0x20, 0x66, 0x69, 0x6e, 0x69, 0x74, 0x65, 0x2d, 0x68, 0x6f, 0x72,
    0x6e, 0x2d, 0x71, 0x75, 0x6f, 0x74, 0x65, 0x2d, 0x76, 0x31, 0x29, 0x0a, 0x20, 0x20, 0x28, 0x73,
    0x65, 0x6d, 0x61, 0x6e, 0x74, 0x69, 0x63, 0x2d, 0x73, 0x6f, 0x75, 0x72, 0x63, 0x65, 0x20, 0x22,
    0x73, 0x65, 0x6d, 0x61, 0x6e, 0x74, 0x69, 0x63, 0x73, 0x2f, 0x66, 0x72, 0x65, 0x65, 0x5f, 0x62,
    0x61, 0x67, 0x5f, 0x72, 0x65, 0x77, 0x72, 0x69, 0x74, 0x65, 0x5f, 0x63, 0x6f, 0x72, 0x65, 0x5f,
    0x76, 0x31, 0x2e, 0x6d, 0x65, 0x74, 0x74, 0x61, 0x22, 0x29, 0x0a, 0x20, 0x20, 0x28, 0x73, 0x65,
    0x6d, 0x61, 0x6e, 0x74, 0x69, 0x63, 0x2d, 0x73, 0x6f, 0x75, 0x72, 0x63, 0x65, 0x20, 0x22, 0x73,
    0x65, 0x6d, 0x61, 0x6e, 0x74, 0x69, 0x63, 0x73, 0x2f, 0x70, 0x75, 0x62, 0x6c, 0x69, 0x63, 0x5f,
    0x72, 0x65, 0x73, 0x75, 0x6c, 0x74, 0x5f, 0x62, 0x61, 0x67, 0x5f, 0x76, 0x31, 0x2e, 0x6d, 0x65,
    0x74, 0x74, 0x61, 0x22, 0x29, 0x0a, 0x20, 0x20, 0x28, 0x70, 0x72, 0x6f, 0x67, 0x72, 0x61, 0x6d,
    0x2d, 0x63, 0x61, 0x72, 0x72, 0x69, 0x65, 0x72, 0x20, 0x73, 0x75, 0x62, 0x7a, 0x65, 0x72, 0x6f,
    0x2d, 0x70, 0x72, 0x6f, 0x67, 0x72, 0x61, 0x6d, 0x2d, 0x6e, 0x69, 0x6c, 0x20, 0x73, 0x75, 0x62,
    0x7a, 0x65, 0x72, 0x6f, 0x2d, 0x70, 0x72, 0x6f, 0x67, 0x72, 0x61, 0x6d, 0x2d, 0x63, 0x6f, 0x6e,
    0x73, 0x29, 0x0a, 0x20, 0x20, 0x28, 0x65, 0x6e, 0x74, 0x72, 0x79, 0x20, 0x73, 0x75, 0x62, 0x7a,
    0x65, 0x72, 0x6f, 0x2d, 0x65, 0x76, 0x61, 0x6c, 0x75, 0x61, 0x74, 0x65, 0x20, 0x33, 0x20, 0x30,
    0x20, 0x32, 0x29, 0x0a, 0x20, 0x20, 0x28, 0x6f, 0x62, 0x73, 0x65, 0x72, 0x76, 0x61, 0x74, 0x69,
    0x6f, 0x6e, 0x20, 0x62, 0x61, 0x67, 0x29, 0x29, 0x0a,
};

static const uint8_t cetta_subzero_language_v1_semantic_0[] = {
    0x3b, 0x20, 0x46, 0x69, 0x72, 0x73, 0x74, 0x20, 0x65, 0x78, 0x65, 0x63, 0x75, 0x74, 0x61, 0x62,
    0x6c, 0x65, 0x20, 0x53, 0x75, 0x62, 0x7a, 0x65, 0x72, 0x6f, 0x20, 0x73, 0x65, 0x6d, 0x61, 0x6e,
    0x74, 0x69, 0x63, 0x20, 0x63, 0x61, 0x6e, 0x64, 0x69, 0x64, 0x61, 0x74, 0x65, 0x2e, 0x0a, 0x3b,
    0x0a, 0x3b, 0x20, 0x4f, 0x62, 0x6a, 0x65, 0x63, 0x74, 0x20, 0x61, 0x74, 0x6f, 0x6d, 0x73, 0x20,
    0x75, 0x73, 0x65, 0x20, 0x74, 0x68, 0x65, 0x20, 0x73, 0x68, 0x61, 0x72, 0x65, 0x64, 0x20, 0x66,
    0x69, 0x6e, 0x69, 0x74, 0x65, 0x2d, 0x48, 0x6f, 0x72, 0x6e, 0x20, 0x71, 0x75, 0x6f, 0x74, 0x61,
    0x74, 0x69, 0x6f, 0x6e, 0x20, 0x41, 0x42, 0x49, 0x2e, 0x20, 0x20, 0x41, 0x20, 0x70, 0x72, 0x6f,
    0x67, 0x72, 0x61, 0x6d, 0x20, 0x69, 0x73, 0x20, 0x61, 0x20, 0x66, 0x72, 0x65, 0x65, 0x0a, 0x3b,
    0x20, 0x6f, 0x63, 0x63, 0x75, 0x72, 0x72, 0x65, 0x6e, 0x63, 0x65, 0x20, 0x62, 0x61, 0x67, 0x20,
    0x77, 0x68, 0x6f, 0x73, 0x65, 0x20, 0x70, 0x61, 0x79, 0x6c, 0x6f, 0x61, 0x64, 0x73, 0x20, 0x61,
    0x72, 0x65, 0x20, 0x6f, 0x72, 0x64, 0x69, 0x6e, 0x61, 0x72, 0x79, 0x20, 0x71, 0x75, 0x6f, 0x74,
    0x65, 0x64, 0x20, 0x61, 0x74, 0x6f, 0x6d, 0x73, 0x2e, 0x20, 0x20, 0x54, 0x68, 0x65, 0x20, 0x6f,
    0x6e, 0x6c, 0x79, 0x20, 0x70, 0x61, 0x79, 0x6c, 0x6f, 0x61, 0x64, 0x0a, 0x3b, 0x20, 0x69, 0x6e,
    0x74, 0x65, 0x72, 0x70, 0x72, 0x65, 0x74, 0x65, 0x64, 0x20, 0x61, 0x73, 0x20, 0x61, 0x20, 0x72,
    0x65, 0x77, 0x72, 0x69, 0x74, 0x65, 0x20, 0x72, 0x75, 0x6c, 0x65, 0x20, 0x68, 0x61, 0x73, 0x20,
    0x74, 0x68, 0x65, 0x20, 0x73, 0x68, 0x61, 0x70, 0x65, 0x20, 0x28, 0x3d, 0x20, 0x70, 0x61, 0x74,
    0x74, 0x65, 0x72, 0x6e, 0x20, 0x74, 0x65, 0x6d, 0x70, 0x6c, 0x61, 0x74, 0x65, 0x29, 0x2e, 0x20,
    0x20, 0x45, 0x76, 0x65, 0x72, 0x79, 0x0a, 0x3b, 0x20, 0x73, 0x74, 0x65, 0x70, 0x20, 0x72, 0x65,
    0x74, 0x61, 0x69, 0x6e, 0x73, 0x20, 0x62, 0x6f, 0x74, 0x68, 0x20, 0x74, 0x68, 0x65, 0x20, 0x73,
    0x6f, 0x75, 0x72, 0x63, 0x65, 0x20, 0x6f, 0x63, 0x63, 0x75, 0x72, 0x72, 0x65, 0x6e, 0x63, 0x65,
    0x20, 0x61, 0x6e, 0x64, 0x20, 0x69, 0x74, 0x73, 0x20, 0x63, 0x6f, 0x6e, 0x74, 0x65, 0x78, 0x74,
    0x75, 0x61, 0x6c, 0x20, 0x6c, 0x6f, 0x63, 0x61, 0x74, 0x69, 0x6f, 0x6e, 0x2e, 0x0a, 0x28, 0x67,
    0x73, 0x6c, 0x74, 0x2d, 0x70, 0x72, 0x65, 0x73, 0x65, 0x6e, 0x74, 0x61, 0x74, 0x69, 0x6f, 0x6e,
    0x2d, 0x76, 0x31, 0x20, 0x53, 0x75, 0x62, 0x7a, 0x65, 0x72, 0x6f, 0x46, 0x72, 0x65, 0x65, 0x42,
    0x61, 0x67, 0x52, 0x65, 0x77, 0x72, 0x69, 0x74, 0x65, 0x43, 0x6f, 0x72, 0x65, 0x56, 0x31, 0x0a,
    0x20, 0x20, 0x28, 0x73, 0x69, 0x67, 0x6e, 0x61, 0x74, 0x75, 0x72, 0x65, 0x0a, 0x20, 0x20, 0x20,
    0x20, 0x28, 0x6f, 0x70, 0x65, 0x72, 0x61, 0x74, 0x6f, 0x72, 0x20, 0x71, 0x2d, 0x61, 0x70, 0x70,
    0x20, 0x32, 0x29, 0x0a, 0x20, 0x20, 0x20, 0x20, 0x28, 0x6f, 0x70, 0x65, 0x72, 0x61, 0x74, 0x6f,
    0x72, 0x20, 0x71, 0x2d, 0x63, 0x6f, 0x6e, 0x73, 0x20, 0x32, 0x29, 0x0a, 0x20, 0x20, 0x20, 0x20,
    0x28, 0x6f, 0x70, 0x65, 0x72, 0x61, 0x74, 0x6f, 0x72, 0x20, 0x71, 0x2d, 0x67, 0x72, 0x6f, 0x75,
    0x6e, 0x64, 0x20, 0x31, 0x29, 0x0a, 0x20, 0x20, 0x20, 0x20, 0x28, 0x6f, 0x70, 0x65, 0x72, 0x61,
    0x74, 0x6f, 0x72, 0x20, 0x71, 0x2d, 0x69, 0x6e, 0x74, 0x20, 0x31, 0x29, 0x0a, 0x20, 0x20, 0x20,
    0x20, 0x28, 0x6f, 0x70, 0x65, 0x72, 0x61, 0x74, 0x6f, 0x72, 0x20, 0x71, 0x2d, 0x73, 0x74, 0x72,
    0x20, 0x31, 0x29, 0x0a, 0x20, 0x20, 0x20, 0x20, 0x28, 0x6f, 0x70, 0x65, 0x72, 0x61, 0x74, 0x6f,
    0x72, 0x20, 0x71, 0x2d, 0x73, 0x75, 0x63, 0x63, 0x20, 0x31, 0x29, 0x0a, 0x20, 0x20, 0x20, 0x20,
    0x28, 0x6f, 0x70, 0x65, 0x72, 0x61, 0x74, 0x6f, 0x72, 0x20, 0x71, 0x2d, 0x73, 0x79, 0x6d, 0x20,
    0x31, 0x29, 0x0a, 0x20, 0x20, 0x20, 0x20, 0x28, 0x6f, 0x70, 0x65, 0x72, 0x61, 0x74, 0x6f, 0x72,
    0x20, 0x71, 0x2d, 0x76, 0x61, 0x72, 0x20, 0x31, 0x29, 0x0a, 0x0a, 0x20, 0x20, 0x20, 0x20, 0x28,
    0x6f, 0x70, 0x65, 0x72, 0x61, 0x74, 0x6f, 0x72, 0x20, 0x73, 0x75, 0x62, 0x7a, 0x65, 0x72, 0x6f,
    0x2d, 0x61, 0x74, 0x2d, 0x72, 0x6f, 0x6f, 0x74, 0x20, 0x32, 0x29, 0x0a, 0x20, 0x20, 0x20, 0x20,
    0x28, 0x6f, 0x70, 0x65, 0x72, 0x61, 0x74, 0x6f, 0x72, 0x20, 0x73, 0x75, 0x62, 0x7a, 0x65, 0x72,
    0x6f, 0x2d, 0x62, 0x69, 0x6e, 0x64, 0x20, 0x34, 0x29, 0x0a, 0x20, 0x20, 0x20, 0x20, 0x28, 0x6f,
    0x70, 0x65, 0x72, 0x61, 0x74, 0x6f, 0x72, 0x20, 0x73, 0x75, 0x62, 0x7a, 0x65, 0x72, 0x6f, 0x2d,
    0x65, 0x6e, 0x76, 0x2d, 0x63, 0x6f, 0x6e, 0x73, 0x20, 0x33, 0x29, 0x0a, 0x20, 0x20, 0x20, 0x20,
    0x28, 0x6f, 0x70, 0x65, 0x72, 0x61, 0x74, 0x6f, 0x72, 0x20, 0x73, 0x75, 0x62, 0x7a, 0x65, 0x72,
    0x6f, 0x2d, 0x69, 0x6e, 0x2d, 0x61, 0x72, 0x67, 0x75, 0x6d, 0x65, 0x6e, 0x74, 0x20, 0x32, 0x29,
    0x0a, 0x20, 0x20, 0x20, 0x20, 0x28, 0x6f, 0x70, 0x65, 0x72, 0x61, 0x74, 0x6f, 0x72, 0x20, 0x73,
    0x75, 0x62, 0x7a, 0x65, 0x72, 0x6f, 0x2d, 0x69, 0x6e, 0x2d, 0x68, 0x65, 0x61, 0x64, 0x20, 0x31,
    0x29, 0x0a, 0x20, 0x20, 0x20, 0x20, 0x28, 0x6f, 0x70, 0x65, 0x72, 0x61, 0x74, 0x6f, 0x72, 0x20,
    0x73, 0x75, 0x62, 0x7a, 0x65, 0x72, 0x6f, 0x2d, 0x69, 0x6e, 0x64, 0x65, 0x78, 0x2d, 0x6c, 0x74,
    0x20, 0x32, 0x29, 0x0a, 0x20, 0x20, 0x20, 0x20, 0x28, 0x6f, 0x70, 0x65, 0x72, 0x61, 0x74, 0x6f,
    0x72, 0x20, 0x73, 0x75, 0x62, 0x7a, 0x65, 0x72, 0x6f, 0x2d, 0x6c, 0x6f, 0x6f, 0x6b, 0x75, 0x70,
    0x20, 0x33, 0x29, 0x0a, 0x20, 0x20, 0x20, 0x20, 0x28, 0x6f, 0x70, 0x65, 0x72, 0x61, 0x74, 0x6f,
    0x72, 0x20, 0x73, 0x75, 0x62, 0x7a, 0x65, 0x72, 0x6f, 0x2d, 0x6d, 0x61, 0x74, 0x63, 0x68, 0x20,
    0x34, 0x29, 0x0a, 0x20, 0x20, 0x20, 0x20, 0x28, 0x6f, 0x70, 0x65, 0x72, 0x61, 0x74, 0x6f, 0x72,
    0x20, 0x73, 0x75, 0x62, 0x7a, 0x65, 0x72, 0x6f, 0x2d, 0x6d, 0x61, 0x74, 0x63, 0x68, 0x2d, 0x6c,
    0x69, 0x73, 0x74, 0x20, 0x34, 0x29, 0x0a, 0x20, 0x20, 0x20, 0x20, 0x28, 0x6f, 0x70, 0x65, 0x72,
    0x61, 0x74, 0x6f, 0x72, 0x20, 0x73, 0x75, 0x62, 0x7a, 0x65, 0x72, 0x6f, 0x2d, 0x70, 0x72, 0x6f,
    0x67, 0x72, 0x61, 0x6d, 0x2d, 0x61, 0x74, 0x6f, 0x6d, 0x20, 0x33, 0x29, 0x0a, 0x20, 0x20, 0x20,
    0x20, 0x28, 0x6f, 0x70, 0x65, 0x72, 0x61, 0x74, 0x6f, 0x72, 0x20, 0x73, 0x75, 0x62, 0x7a, 0x65,
    0x72, 0x6f, 0x2d, 0x70, 0x72, 0x6f, 0x67, 0x72, 0x61, 0x6d, 0x2d, 0x63, 0x6f, 0x6e, 0x73, 0x20,
    0x33, 0x29, 0x0a, 0x20, 0x20, 0x20, 0x20, 0x28, 0x6f, 0x70, 0x65, 0x72, 0x61, 0x74, 0x6f, 0x72,
    0x20, 0x73, 0x75, 0x62, 0x7a, 0x65, 0x72, 0x6f, 0x2d, 0x72, 0x6f, 0x6f, 0x74, 0x2d, 0x73, 0x74,
    0x65, 0x70, 0x20, 0x34, 0x29, 0x0a, 0x20, 0x20, 0x20, 0x20, 0x28, 0x6f, 0x70, 0x65, 0x72, 0x61,
    0x74, 0x6f, 0x72, 0x20, 0x73, 0x75, 0x62, 0x7a, 0x65, 0x72, 0x6f, 0x2d, 0x72, 0x75, 0x6c, 0x65,
    0x2d, 0x76, 0x69, 0x65, 0x77, 0x20, 0x34, 0x29, 0x0a, 0x20, 0x20, 0x20, 0x20, 0x28, 0x6f, 0x70,
    0x65, 0x72, 0x61, 0x74, 0x6f, 0x72, 0x20, 0x73, 0x75, 0x62, 0x7a, 0x65, 0x72, 0x6f, 0x2d, 0x73,
    0x74, 0x65, 0x70, 0x20, 0x34, 0x29, 0x0a, 0x20, 0x20, 0x20, 0x20, 0x28, 0x6f, 0x70, 0x65, 0x72,
    0x61, 0x74, 0x6f, 0x72, 0x20, 0x73, 0x75, 0x62, 0x7a, 0x65, 0x72, 0x6f, 0x2d, 0x73, 0x74, 0x65,
    0x70, 0x2d, 0x6c, 0x69, 0x73, 0x74, 0x20, 0x34, 0x29, 0x0a, 0x20, 0x20, 0x20, 0x20, 0x28, 0x6f,
    0x70, 0x65, 0x72, 0x61, 0x74, 0x6f, 0x72, 0x20, 0x73, 0x75, 0x62, 0x7a, 0x65, 0x72, 0x6f, 0x2d,
    0x73, 0x75, 0x62, 0x73, 0x74, 0x69, 0x74, 0x75, 0x74, 0x65, 0x20, 0x33, 0x29, 0x0a, 0x20, 0x20,
    0x20, 0x20, 0x28, 0x6f, 0x70, 0x65, 0x72, 0x61, 0x74, 0x6f, 0x72, 0x20, 0x73, 0x75, 0x62, 0x7a,
    0x65, 0x72, 0x6f, 0x2d, 0x73, 0x75, 0x62, 0x73, 0x74, 0x69, 0x74, 0x75, 0x74, 0x65, 0x2d, 0x6c,
    0x69, 0x73, 0x74, 0x20, 0x33, 0x29, 0x29, 0x0a, 0x0a, 0x20, 0x20, 0x28, 0x65, 0x71, 0x75, 0x61,
    0x74, 0x69, 0x6f, 0x6e, 0x73, 0x29, 0x0a, 0x0a, 0x20, 0x20, 0x28, 0x72, 0x65, 0x77, 0x72, 0x69,
    0x74, 0x65, 0x73, 0x0a, 0x20, 0x20, 0x20, 0x20, 0x3b, 0x20, 0x54, 0x68, 0x65, 0x20, 0x72, 0x65,
    0x70, 0x72, 0x65, 0x73, 0x65, 0x6e, 0x74, 0x61, 0x74, 0x69, 0x6f, 0x6e, 0x20, 0x69, 0x73, 0x20,
    0x61, 0x20, 0x6c, 0x69, 0x73, 0x74, 0x20, 0x6f, 0x6e, 0x6c, 0x79, 0x20, 0x74, 0x6f, 0x20, 0x65,
    0x6e, 0x63, 0x6f, 0x64, 0x65, 0x20, 0x74, 0x68, 0x65, 0x20, 0x66, 0x72, 0x65, 0x65, 0x20, 0x6f,
    0x63, 0x63, 0x75, 0x72, 0x72, 0x65, 0x6e, 0x63, 0x65, 0x20, 0x62, 0x61, 0x67, 0x2e, 0x0a, 0x20,
    0x20, 0x20, 0x20, 0x3b, 0x20, 0x4e, 0x6f, 0x20, 0x72, 0x75, 0x6c, 0x65, 0x20, 0x65, 0x78, 0x70,
    0x6f, 0x73, 0x65, 0x73, 0x20, 0x70, 0x6f, 0x73, 0x69, 0x74, 0x69, 0x6f, 0x6e, 0x20, 0x6f, 0x72,
    0x20, 0x6f, 0x72, 0x64, 0x65, 0x72, 0x3b, 0x20, 0x6f, 0x63, 0x63, 0x75, 0x72, 0x72, 0x65, 0x6e,
    0x63, 0x65, 0x20, 0x69, 0x64, 0x65, 0x6e, 0x74, 0x69, 0x74, 0x79, 0x20, 0x63, 0x61, 0x72, 0x72,
    0x69, 0x65, 0x73, 0x0a, 0x20, 0x20, 0x20, 0x20, 0x3b, 0x20, 0x6d, 0x75, 0x6c, 0x74, 0x69, 0x70,
    0x6c, 0x69, 0x63, 0x69, 0x74, 0x79, 0x2e, 0x0a, 0x20, 0x20, 0x20, 0x20, 0x28, 0x72, 0x75, 0x6c,
    0x65, 0x20, 0x73, 0x75, 0x62, 0x7a, 0x65, 0x72, 0x6f, 0x2d, 0x70, 0x72, 0x6f, 0x67, 0x72, 0x61,
    0x6d, 0x2d, 0x61, 0x74, 0x6f, 0x6d, 0x2d, 0x68, 0x65, 0x72, 0x65, 0x0a, 0x20, 0x20, 0x20, 0x20,
    0x20, 0x20, 0x28, 0x68, 0x65, 0x61, 0x64, 0x0a, 0x20, 0x20, 0x20, 0x20, 0x20, 0x20, 0x20, 0x20,
    0x28, 0x73, 0x75, 0x62, 0x7a, 0x65, 0x72, 0x6f, 0x2d, 0x70, 0x72, 0x6f, 0x67, 0x72, 0x61, 0x6d,
    0x2d, 0x61, 0x74, 0x6f, 0x6d, 0x0a, 0x20, 0x20, 0x20, 0x20, 0x20, 0x20, 0x20, 0x20, 0x20, 0x20,
    0x28, 0x73, 0x75, 0x62, 0x7a, 0x65, 0x72, 0x6f, 0x2d, 0x70, 0x72, 0x6f, 0x67, 0x72, 0x61, 0x6d,
    0x2d, 0x63, 0x6f, 0x6e, 0x73, 0x20, 0x3f, 0x6f, 0x63, 0x63, 0x75, 0x72, 0x72, 0x65, 0x6e, 0x63,
    0x65, 0x20, 0x3f, 0x61, 0x74, 0x6f, 0x6d, 0x20, 0x3f, 0x72, 0x65, 0x73, 0x74, 0x29, 0x0a, 0x20,
    0x20, 0x20, 0x20, 0x20, 0x20, 0x20, 0x20, 0x20, 0x20, 0x3f, 0x6f, 0x63, 0x63, 0x75, 0x72, 0x72,
    0x65, 0x6e, 0x63, 0x65, 0x0a, 0x20, 0x20, 0x20, 0x20, 0x20, 0x20, 0x20, 0x20, 0x20, 0x20, 0x3f,
    0x61, 0x74, 0x6f, 0x6d, 0x29, 0x29, 0x0a, 0x20, 0x20, 0x20, 0x20, 0x20, 0x20, 0x28, 0x62, 0x6f,
    0x64, 0x79, 0x29, 0x29, 0x0a, 0x20, 0x20, 0x20, 0x20, 0x28, 0x72, 0x75, 0x6c, 0x65, 0x20, 0x73,
    0x75, 0x62, 0x7a, 0x65, 0x72, 0x6f, 0x2d, 0x70, 0x72, 0x6f, 0x67, 0x72, 0x61, 0x6d, 0x2d, 0x61,
    0x74, 0x6f, 0x6d, 0x2d, 0x72, 0x65, 0x73, 0x74, 0x0a, 0x20, 0x20, 0x20, 0x20, 0x20, 0x20, 0x28,
    0x68, 0x65, 0x61, 0x64, 0x0a, 0x20, 0x20, 0x20, 0x20, 0x20, 0x20, 0x20, 0x20, 0x28, 0x73, 0x75,
    0x62, 0x7a, 0x65, 0x72, 0x6f, 0x2d, 0x70, 0x72, 0x6f, 0x67, 0x72, 0x61, 0x6d, 0x2d, 0x61, 0x74,
    0x6f, 0x6d, 0x0a, 0x20, 0x20, 0x20, 0x20, 0x20, 0x20, 0x20, 0x20, 0x20, 0x20, 0x28, 0x73, 0x75,
    0x62, 0x7a, 0x65, 0x72, 0x6f, 0x2d, 0x70, 0x72, 0x6f, 0x67, 0x72, 0x61, 0x6d, 0x2d, 0x63, 0x6f,
    0x6e, 0x73, 0x20, 0x3f, 0x68, 0x65, 0x61, 0x64, 0x2d, 0x6f, 0x63, 0x63, 0x75, 0x72, 0x72, 0x65,
    0x6e, 0x63, 0x65, 0x20, 0x3f, 0x68, 0x65, 0x61, 0x64, 0x2d, 0x61, 0x74, 0x6f, 0x6d, 0x20, 0x3f,
    0x72, 0x65, 0x73, 0x74, 0x29, 0x0a, 0x20, 0x20, 0x20, 0x20, 0x20, 0x20, 0x20, 0x20, 0x20, 0x20,
    0x3f, 0x6f, 0x63, 0x63, 0x75, 0x72, 0x72, 0x65, 0x6e, 0x63, 0x65, 0x0a, 0x20, 0x20, 0x20, 0x20,
    0x20, 0x20, 0x20, 0x20, 0x20, 0x20, 0x3f, 0x61, 0x74, 0x6f, 0x6d, 0x29, 0x29, 0x0a, 0x20, 0x20,
    0x20, 0x20, 0x20, 0x20, 0x28, 0x62, 0x6f, 0x64, 0x79, 0x20, 0x28, 0x73, 0x75, 0x62, 0x7a, 0x65,
    0x72, 0x6f, 0x2d, 0x70, 0x72, 0x6f, 0x67, 0x72, 0x61, 0x6d, 0x2d, 0x61, 0x74, 0x6f, 0x6d, 0x20,
    0x3f, 0x72, 0x65, 0x73, 0x74, 0x20, 0x3f, 0x6f, 0x63, 0x63, 0x75, 0x72, 0x72, 0x65, 0x6e, 0x63,
    0x65, 0x20, 0x3f, 0x61, 0x74, 0x6f, 0x6d, 0x29, 0x29, 0x29, 0x0a, 0x0a, 0x20, 0x20, 0x20, 0x20,
    0x3b, 0x20, 0x52, 0x75, 0x6c, 0x65, 0x73, 0x20, 0x61, 0x72, 0x65, 0x20, 0x6e, 0x6f, 0x74, 0x20,
    0x61, 0x20, 0x70, 0x72, 0x69, 0x76, 0x69, 0x6c, 0x65, 0x67, 0x65, 0x64, 0x20, 0x73, 0x74, 0x6f,
    0x72, 0x61, 0x67, 0x65, 0x20, 0x63, 0x6c, 0x61, 0x73, 0x73, 0x2e, 0x20, 0x20, 0x54, 0x68, 0x65,
    0x79, 0x20, 0x61, 0x72, 0x65, 0x20, 0x6f, 0x72, 0x64, 0x69, 0x6e, 0x61, 0x72, 0x79, 0x20, 0x70,
    0x72, 0x6f, 0x67, 0x72, 0x61, 0x6d, 0x0a, 0x20, 0x20, 0x20, 0x20, 0x3b, 0x20, 0x61, 0x74, 0x6f,
    0x6d, 0x73, 0x20, 0x66, 0x6f, 0x72, 0x20, 0x77, 0x68, 0x69, 0x63, 0x68, 0x20, 0x74, 0x68, 0x69,
    0x73, 0x20, 0x70, 0x61, 0x72, 0x74, 0x69, 0x61, 0x6c, 0x20, 0x76, 0x69, 0x65, 0x77, 0x20, 0x73,
    0x75, 0x63, 0x63, 0x65, 0x65, 0x64, 0x73, 0x2e, 0x0a, 0x20, 0x20, 0x20, 0x20, 0x28, 0x72, 0x75,
    0x6c, 0x65, 0x20, 0x73, 0x75, 0x62, 0x7a, 0x65, 0x72, 0x6f, 0x2d, 0x72, 0x75, 0x6c, 0x65, 0x2d,
    0x76, 0x69, 0x65, 0x77, 0x2d, 0x65, 0x71, 0x75, 0x61, 0x6c, 0x69, 0x74, 0x79, 0x0a, 0x20, 0x20,
    0x20, 0x20, 0x20, 0x20, 0x28, 0x68, 0x65, 0x61, 0x64, 0x0a, 0x20, 0x20, 0x20, 0x20, 0x20, 0x20,
    0x20, 0x20, 0x28, 0x73, 0x75, 0x62, 0x7a, 0x65, 0x72, 0x6f, 0x2d, 0x72, 0x75, 0x6c, 0x65, 0x2d,
    0x76, 0x69, 0x65, 0x77, 0x20, 0x3f, 0x70, 0x72, 0x6f, 0x67, 0x72, 0x61, 0x6d, 0x20, 0x3f, 0x6f,
    0x63, 0x63, 0x75, 0x72, 0x72, 0x65, 0x6e, 0x63, 0x65, 0x20, 0x3f, 0x70, 0x61, 0x74, 0x74, 0x65,
    0x72, 0x6e, 0x20, 0x3f, 0x74, 0x65, 0x6d, 0x70, 0x6c, 0x61, 0x74, 0x65, 0x29, 0x29, 0x0a, 0x20,
    0x20, 0x20, 0x20, 0x20, 0x20, 0x28, 0x62, 0x6f, 0x64, 0x79, 0x0a, 0x20, 0x20, 0x20, 0x20, 0x20,
    0x20, 0x20, 0x20, 0x28, 0x73, 0x75, 0x62, 0x7a, 0x65, 0x72, 0x6f, 0x2d, 0x70, 0x72, 0x6f, 0x67,
    0x72, 0x61, 0x6d, 0x2d, 0x61, 0x74, 0x6f, 0x6d, 0x0a, 0x20, 0x20, 0x20, 0x20, 0x20, 0x20, 0x20,
    0x20, 0x20, 0x20, 0x3f, 0x70, 0x72, 0x6f, 0x67, 0x72, 0x61, 0x6d, 0x0a, 0x20, 0x20, 0x20, 0x20,
    0x20, 0x20, 0x20, 0x20, 0x20, 0x20, 0x3f, 0x6f, 0x63, 0x63, 0x75, 0x72, 0x72, 0x65, 0x6e, 0x63,
    0x65, 0x0a, 0x20, 0x20, 0x20, 0x20, 0x20, 0x20, 0x20, 0x20, 0x20, 0x20, 0x28, 0x71, 0x2d, 0x61,
    0x70, 0x70, 0x0a, 0x20, 0x20, 0x20, 0x20, 0x20, 0x20, 0x20, 0x20, 0x20, 0x20, 0x20, 0x20, 0x28,
    0x71, 0x2d, 0x73, 0x79, 0x6d, 0x20, 0x28, 0x71, 0x2d, 0x73, 0x74, 0x72, 0x20, 0x22, 0x3d, 0x22,
    0x29, 0x29, 0x0a, 0x20, 0x20, 0x20, 0x20, 0x20, 0x20, 0x20, 0x20, 0x20, 0x20, 0x20, 0x20, 0x28,
    0x71, 0x2d, 0x63, 0x6f, 0x6e, 0x73, 0x20, 0x3f, 0x70, 0x61, 0x74, 0x74, 0x65, 0x72, 0x6e, 0x20,
    0x28, 0x71, 0x2d, 0x63, 0x6f, 0x6e, 0x73, 0x20, 0x3f, 0x74, 0x65, 0x6d, 0x70, 0x6c, 0x61, 0x74,
    0x65, 0x20, 0x71, 0x2d, 0x6e, 0x69, 0x6c, 0x29, 0x29, 0x29, 0x29, 0x29, 0x29, 0x0a, 0x0a, 0x20,
    0x20, 0x20, 0x20, 0x3b, 0x20, 0x53, 0x74, 0x72, 0x69, 0x63, 0x74, 0x20, 0x6f, 0x72, 0x64, 0x65,
    0x72, 0x69, 0x6e, 0x67, 0x20, 0x6f, 0x6e, 0x20, 0x71, 0x75, 0x6f, 0x74, 0x65, 0x64, 0x20, 0x64,
    0x65, 0x20, 0x42, 0x72, 0x75, 0x69, 0x6a, 0x6e, 0x20, 0x69, 0x6e, 0x64, 0x69, 0x63, 0x65, 0x73,
    0x20, 0x73, 0x75, 0x70, 0x70, 0x6f, 0x72, 0x74, 0x73, 0x20, 0x61, 0x20, 0x63, 0x61, 0x6e, 0x6f,
    0x6e, 0x69, 0x63, 0x61, 0x6c, 0x20, 0x66, 0x69, 0x6e, 0x69, 0x74, 0x65, 0x0a, 0x20, 0x20, 0x20,
    0x20, 0x3b, 0x20, 0x73, 0x75, 0x62, 0x73, 0x74, 0x69, 0x74, 0x75, 0x74, 0x69, 0x6f, 0x6e, 0x20,
    0x6d, 0x61, 0x70, 0x20, 0x77, 0x69, 0x74, 0x68, 0x6f, 0x75, 0x74, 0x20, 0x6e, 0x65, 0x67, 0x61,
    0x74, 0x69, 0x6f, 0x6e, 0x2d, 0x61, 0x73, 0x2d, 0x66, 0x61, 0x69, 0x6c, 0x75, 0x72, 0x65, 0x2e,
    0x0a, 0x20, 0x20, 0x20, 0x20, 0x28, 0x72, 0x75, 0x6c, 0x65, 0x20, 0x73, 0x75, 0x62, 0x7a, 0x65,
    0x72, 0x6f, 0x2d, 0x69, 0x6e, 0x64, 0x65, 0x78, 0x2d, 0x6c, 0x74, 0x2d, 0x62, 0x61, 0x73, 0x65,
    0x0a, 0x20, 0x20, 0x20, 0x20, 0x20, 0x20, 0x28, 0x68, 0x65, 0x61, 0x64, 0x20, 0x28, 0x73, 0x75,
    0x62, 0x7a, 0x65, 0x72, 0x6f, 0x2d, 0x69, 0x6e, 0x64, 0x65, 0x78, 0x2d, 0x6c, 0x74, 0x20, 0x71,
    0x2d, 0x7a, 0x65, 0x72, 0x6f, 0x20, 0x28, 0x71, 0x2d, 0x73, 0x75, 0x63, 0x63, 0x20, 0x3f, 0x72,
    0x69, 0x67, 0x68, 0x74, 0x29, 0x29, 0x29, 0x0a, 0x20, 0x20, 0x20, 0x20, 0x20, 0x20, 0x28, 0x62,
    0x6f, 0x64, 0x79, 0x29, 0x29, 0x0a, 0x20, 0x20, 0x20, 0x20, 0x28, 0x72, 0x75, 0x6c, 0x65, 0x20,
    0x73, 0x75, 0x62, 0x7a, 0x65, 0x72, 0x6f, 0x2d, 0x69, 0x6e, 0x64, 0x65, 0x78, 0x2d, 0x6c, 0x74,
    0x2d, 0x73, 0x74, 0x65, 0x70, 0x0a, 0x20, 0x20, 0x20, 0x20, 0x20, 0x20, 0x28, 0x68, 0x65, 0x61,
    0x64, 0x0a, 0x20, 0x20, 0x20, 0x20, 0x20, 0x20, 0x20, 0x20, 0x28, 0x73, 0x75, 0x62, 0x7a, 0x65,
    0x72, 0x6f, 0x2d, 0x69, 0x6e, 0x64, 0x65, 0x78, 0x2d, 0x6c, 0x74, 0x20, 0x28, 0x71, 0x2d, 0x73,
    0x75, 0x63, 0x63, 0x20, 0x3f, 0x6c, 0x65, 0x66, 0x74, 0x29, 0x20, 0x28, 0x71, 0x2d, 0x73, 0x75,
    0x63, 0x63, 0x20, 0x3f, 0x72, 0x69, 0x67, 0x68, 0x74, 0x29, 0x29, 0x29, 0x0a, 0x20, 0x20, 0x20,
    0x20, 0x20, 0x20, 0x28, 0x62, 0x6f, 0x64, 0x79, 0x20, 0x28, 0x73, 0x75, 0x62, 0x7a, 0x65, 0x72,
    0x6f, 0x2d, 0x69, 0x6e, 0x64, 0x65, 0x78, 0x2d, 0x6c, 0x74, 0x20, 0x3f, 0x6c, 0x65, 0x66, 0x74,
    0x20, 0x3f, 0x72, 0x69, 0x67, 0x68, 0x74, 0x29, 0x29, 0x29, 0x0a, 0x0a, 0x20, 0x20, 0x20, 0x20,
    0x28, 0x72, 0x75, 0x6c, 0x65, 0x20, 0x73, 0x75, 0x62, 0x7a, 0x65, 0x72, 0x6f, 0x2d, 0x62, 0x69,
    0x6e, 0x64, 0x2d, 0x65, 0x6d, 0x70, 0x74, 0x79, 0x0a, 0x20, 0x20, 0x20, 0x20, 0x20, 0x20, 0x28,
    0x68, 0x65, 0x61, 0x64, 0x0a, 0x20, 0x20, 0x20, 0x20, 0x20, 0x20, 0x20, 0x20, 0x28, 0x73, 0x75,
    0x62, 0x7a, 0x65, 0x72, 0x6f, 0x2d, 0x62, 0x69, 0x6e, 0x64, 0x0a, 0x20, 0x20, 0x20, 0x20, 0x20,
    0x20, 0x20, 0x20, 0x20, 0x20, 0x3f, 0x69, 0x6e, 0x64, 0x65, 0x78, 0x20, 0x3f, 0x76, 0x61, 0x6c,
    0x75, 0x65, 0x20, 0x73, 0x75, 0x62, 0x7a, 0x65, 0x72, 0x6f, 0x2d, 0x65, 0x6e, 0x76, 0x2d, 0x6e,
    0x69, 0x6c, 0x0a, 0x20, 0x20, 0x20, 0x20, 0x20, 0x20, 0x20, 0x20, 0x20, 0x20, 0x28, 0x73, 0x75,
    0x62, 0x7a, 0x65, 0x72, 0x6f, 0x2d, 0x65, 0x6e, 0x76, 0x2d, 0x63, 0x6f, 0x6e, 0x73, 0x20, 0x3f,
    0x69, 0x6e, 0x64, 0x65, 0x78, 0x20, 0x3f, 0x76, 0x61, 0x6c, 0x75, 0x65, 0x20, 0x73, 0x75, 0x62,
    0x7a, 0x65, 0x72, 0x6f, 0x2d, 0x65, 0x6e, 0x76, 0x2d, 0x6e, 0x69, 0x6c, 0x29, 0x29, 0x29, 0x0a,
    0x20, 0x20, 0x20, 0x20, 0x20, 0x20, 0x28, 0x62, 0x6f, 0x64, 0x79, 0x29, 0x29, 0x0a, 0x20, 0x20,
    0x20, 0x20, 0x28, 0x72, 0x75, 0x6c, 0x65, 0x20, 0x73, 0x75, 0x62, 0x7a, 0x65, 0x72, 0x6f, 0x2d,
    0x62, 0x69, 0x6e, 0x64, 0x2d, 0x65, 0x78, 0x69, 0x73, 0x74, 0x69, 0x6e, 0x67, 0x0a, 0x20, 0x20,
    0x20, 0x20, 0x20, 0x20, 0x28, 0x68, 0x65, 0x61, 0x64, 0x0a, 0x20, 0x20, 0x20, 0x20, 0x20, 0x20,
    0x20, 0x20, 0x28, 0x73, 0x75, 0x62, 0x7a, 0x65, 0x72, 0x6f, 0x2d, 0x62, 0x69, 0x6e, 0x64, 0x0a,
    0x20, 0x20, 0x20, 0x20, 0x20, 0x20, 0x20, 0x20, 0x20, 0x20, 0x3f, 0x69, 0x6e, 0x64, 0x65, 0x78,
    0x20, 0x3f, 0x76, 0x61, 0x6c, 0x75, 0x65, 0x0a, 0x20, 0x20, 0x20, 0x20, 0x20, 0x20, 0x20, 0x20,
    0x20, 0x20, 0x28, 0x73, 0x75, 0x62, 0x7a, 0x65, 0x72, 0x6f, 0x2d, 0x65, 0x6e, 0x76, 0x2d, 0x63,
    0x6f, 0x6e, 0x73, 0x20, 0x3f, 0x69, 0x6e, 0x64, 0x65, 0x78, 0x20, 0x3f, 0x76, 0x61, 0x6c, 0x75,
    0x65, 0x20, 0x3f, 0x72, 0x65, 0x73, 0x74, 0x29, 0x0a, 0x20, 0x20, 0x20, 0x20, 0x20, 0x20, 0x20,
    0x20, 0x20, 0x20, 0x28, 0x73, 0x75, 0x62, 0x7a, 0x65, 0x72, 0x6f, 0x2d, 0x65, 0x6e, 0x76, 0x2d,
    0x63, 0x6f, 0x6e, 0x73, 0x20, 0x3f, 0x69, 0x6e, 0x64, 0x65, 0x78, 0x20, 0x3f, 0x76, 0x61, 0x6c,
    0x75, 0x65, 0x20, 0x3f, 0x72, 0x65, 0x73, 0x74, 0x29, 0x29, 0x29, 0x0a, 0x20, 0x20, 0x20, 0x20,
    0x20, 0x20, 0x28, 0x62, 0x6f, 0x64, 0x79, 0x29, 0x29, 0x0a, 0x20, 0x20, 0x20, 0x20, 0x28, 0x72,
    0x75, 0x6c, 0x65, 0x20, 0x73, 0x75, 0x62, 0x7a, 0x65, 0x72, 0x6f, 0x2d, 0x62, 0x69, 0x6e, 0x64,
    0x2d, 0x62, 0x65, 0x66, 0x6f, 0x72, 0x65, 0x0a, 0x20, 0x20, 0x20, 0x20, 0x20, 0x20, 0x28, 0x68,
    0x65, 0x61, 0x64, 0x0a, 0x20, 0x20, 0x20, 0x20, 0x20, 0x20, 0x20, 0x20, 0x28, 0x73, 0x75, 0x62,
    0x7a, 0x65, 0x72, 0x6f, 0x2d, 0x62, 0x69, 0x6e, 0x64, 0x0a, 0x20, 0x20, 0x20, 0x20, 0x20, 0x20,
    0x20, 0x20, 0x20, 0x20, 0x3f, 0x69, 0x6e, 0x64, 0x65, 0x78, 0x20, 0x3f, 0x76, 0x61, 0x6c, 0x75,
    0x65, 0x0a, 0x20, 0x20, 0x20, 0x20, 0x20, 0x20, 0x20, 0x20, 0x20, 0x20, 0x28, 0x73, 0x75, 0x62,
    0x7a, 0x65, 0x72, 0x6f, 0x2d, 0x65, 0x6e, 0x76, 0x2d, 0x63, 0x6f, 0x6e, 0x73, 0x20, 0x3f, 0x6e,
    0x65, 0x78, 0x74, 0x2d, 0x69, 0x6e, 0x64, 0x65, 0x78, 0x20, 0x3f, 0x6e, 0x65, 0x78, 0x74, 0x2d,
    0x76, 0x61, 0x6c, 0x75, 0x65, 0x20, 0x3f, 0x72, 0x65, 0x73, 0x74, 0x29, 0x0a, 0x20, 0x20, 0x20,
    0x20, 0x20, 0x20, 0x20, 0x20, 0x20, 0x20, 0x28, 0x73, 0x75, 0x62, 0x7a, 0x65, 0x72, 0x6f, 0x2d,
    0x65, 0x6e, 0x76, 0x2d, 0x63, 0x6f, 0x6e, 0x73, 0x0a, 0x20, 0x20, 0x20, 0x20, 0x20, 0x20, 0x20,
    0x20, 0x20, 0x20, 0x20, 0x20, 0x3f, 0x69, 0x6e, 0x64, 0x65, 0x78, 0x20, 0x3f, 0x76, 0x61, 0x6c,
    0x75, 0x65, 0x0a, 0x20, 0x20, 0x20, 0x20, 0x20, 0x20, 0x20, 0x20, 0x20, 0x20, 0x20, 0x20, 0x28,
    0x73, 0x75, 0x62, 0x7a, 0x65, 0x72, 0x6f, 0x2d, 0x65, 0x6e, 0x76, 0x2d, 0x63, 0x6f, 0x6e, 0x73,
    0x20, 0x3f, 0x6e, 0x65, 0x78, 0x74, 0x2d, 0x69, 0x6e, 0x64, 0x65, 0x78, 0x20, 0x3f, 0x6e, 0x65,
    0x78, 0x74, 0x2d, 0x76, 0x61, 0x6c, 0x75, 0x65, 0x20, 0x3f, 0x72, 0x65, 0x73, 0x74, 0x29, 0x29,
    0x29, 0x29, 0x0a, 0x20, 0x20, 0x20, 0x20, 0x20, 0x20, 0x28, 0x62, 0x6f, 0x64, 0x79, 0x20, 0x28,
    0x73, 0x75, 0x62, 0x7a, 0x65, 0x72, 0x6f, 0x2d, 0x69, 0x6e, 0x64, 0x65, 0x78, 0x2d, 0x6c, 0x74,
    0x20, 0x3f, 0x69, 0x6e, 0x64, 0x65, 0x78, 0x20, 0x3f, 0x6e, 0x65, 0x78, 0x74, 0x2d, 0x69, 0x6e,
    0x64, 0x65, 0x78, 0x29, 0x29, 0x29, 0x0a, 0x20, 0x20, 0x20, 0x20, 0x28, 0x72, 0x75, 0x6c, 0x65,
    0x20, 0x73, 0x75, 0x62, 0x7a, 0x65, 0x72, 0x6f, 0x2d, 0x62, 0x69, 0x6e, 0x64, 0x2d, 0x61, 0x66,
    0x74, 0x65, 0x72, 0x0a, 0x20, 0x20, 0x20, 0x20, 0x20, 0x20, 0x28, 0x68, 0x65, 0x61, 0x64, 0x0a,
    0x20, 0x20, 0x20, 0x20, 0x20, 0x20, 0x20, 0x20, 0x28, 0x73, 0x75, 0x62, 0x7a, 0x65, 0x72, 0x6f,
    0x2d, 0x62, 0x69, 0x6e, 0x64, 0x0a, 0x20, 0x20, 0x20, 0x20, 0x20, 0x20, 0x20, 0x20, 0x20, 0x20,
    0x3f, 0x69, 0x6e, 0x64, 0x65, 0x78, 0x20, 0x3f, 0x76, 0x61, 0x6c, 0x75, 0x65, 0x0a, 0x20, 0x20,
    0x20, 0x20, 0x20, 0x20, 0x20, 0x20, 0x20, 0x20, 0x28, 0x73, 0x75, 0x62, 0x7a, 0x65, 0x72, 0x6f,
    0x2d, 0x65, 0x6e, 0x76, 0x2d, 0x63, 0x6f, 0x6e, 0x73, 0x20, 0x3f, 0x68, 0x65, 0x61, 0x64, 0x2d,
    0x69, 0x6e, 0x64, 0x65, 0x78, 0x20, 0x3f, 0x68, 0x65, 0x61, 0x64, 0x2d, 0x76, 0x61, 0x6c, 0x75,
    0x65, 0x20, 0x3f, 0x72, 0x65, 0x73, 0x74, 0x29, 0x0a, 0x20, 0x20, 0x20, 0x20, 0x20, 0x20, 0x20,
    0x20, 0x20, 0x20, 0x28, 0x73, 0x75, 0x62, 0x7a, 0x65, 0x72, 0x6f, 0x2d, 0x65, 0x6e, 0x76, 0x2d,
    0x63, 0x6f, 0x6e, 0x73, 0x20, 0x3f, 0x68, 0x65, 0x61, 0x64, 0x2d, 0x69, 0x6e, 0x64, 0x65, 0x78,
    0x20, 0x3f, 0x68, 0x65, 0x61, 0x64, 0x2d, 0x76, 0x61, 0x6c, 0x75, 0x65, 0x20, 0x3f, 0x75, 0x70,
    0x64, 0x61, 0x74, 0x65, 0x64, 0x29, 0x29, 0x29, 0x0a, 0x20, 0x20, 0x20, 0x20, 0x20, 0x20, 0x28,
    0x62, 0x6f, 0x64, 0x79, 0x0a, 0x20, 0x20, 0x20, 0x20, 0x20, 0x20, 0x20, 0x20, 0x28, 0x73, 0x75,
    0x62, 0x7a, 0x65, 0x72, 0x6f, 0x2d, 0x69, 0x6e, 0x64, 0x65, 0x78, 0x2d, 0x6c, 0x74, 0x20, 0x3f,
    0x68, 0x65, 0x61, 0x64, 0x2d, 0x69, 0x6e, 0x64, 0x65, 0x78, 0x20, 0x3f, 0x69, 0x6e, 0x64, 0x65,
    0x78, 0x29, 0x0a, 0x20, 0x20, 0x20, 0x20, 0x20, 0x20, 0x20, 0x20, 0x28, 0x73, 0x75, 0x62, 0x7a,
    0x65, 0x72, 0x6f, 0x2d, 0x62, 0x69, 0x6e, 0x64, 0x20, 0x3f, 0x69, 0x6e, 0x64, 0x65, 0x78, 0x20,
    0x3f, 0x76, 0x61, 0x6c, 0x75, 0x65, 0x20, 0x3f, 0x72, 0x65, 0x73, 0x74, 0x20, 0x3f, 0x75, 0x70,
    0x64, 0x61, 0x74, 0x65, 0x64, 0x29, 0x29, 0x29, 0x0a, 0x0a, 0x20, 0x20, 0x20, 0x20, 0x28, 0x72,
    0x75, 0x6c, 0x65, 0x20, 0x73, 0x75, 0x62, 0x7a, 0x65, 0x72, 0x6f, 0x2d, 0x6c, 0x6f, 0x6f, 0x6b,
    0x75, 0x70, 0x2d, 0x68, 0x65, 0x72, 0x65, 0x0a, 0x20, 0x20, 0x20, 0x20, 0x20, 0x20, 0x28, 0x68,
    0x65, 0x61, 0x64, 0x0a, 0x20, 0x20, 0x20, 0x20, 0x20, 0x20, 0x20, 0x20, 0x28, 0x73, 0x75, 0x62,
    0x7a, 0x65, 0x72, 0x6f, 0x2d, 0x6c, 0x6f, 0x6f, 0x6b, 0x75, 0x70, 0x0a, 0x20, 0x20, 0x20, 0x20,
    0x20, 0x20, 0x20, 0x20, 0x20, 0x20, 0x3f, 0x69, 0x6e, 0x64, 0x65, 0x78, 0x0a, 0x20, 0x20, 0x20,
    0x20, 0x20, 0x20, 0x20, 0x20, 0x20, 0x20, 0x28, 0x73, 0x75, 0x62, 0x7a, 0x65, 0x72, 0x6f, 0x2d,
    0x65, 0x6e, 0x76, 0x2d, 0x63, 0x6f, 0x6e, 0x73, 0x20, 0x3f, 0x69, 0x6e, 0x64, 0x65, 0x78, 0x20,
    0x3f, 0x76, 0x61, 0x6c, 0x75, 0x65, 0x20, 0x3f, 0x72, 0x65, 0x73, 0x74, 0x29, 0x0a, 0x20, 0x20,
    0x20, 0x20, 0x20, 0x20, 0x20, 0x20, 0x20, 0x20, 0x3f, 0x76, 0x61, 0x6c, 0x75, 0x65, 0x29, 0x29,
    0x0a, 0x20, 0x20, 0x20, 0x20, 0x20, 0x20, 0x28, 0x62, 0x6f, 0x64, 0x79, 0x29, 0x29, 0x0a, 0x20,
    0x20, 0x20, 0x20, 0x28, 0x72, 0x75, 0x6c, 0x65, 0x20, 0x73, 0x75, 0x62, 0x7a, 0x65, 0x72, 0x6f,
    0x2d, 0x6c, 0x6f, 0x6f, 0x6b, 0x75, 0x70, 0x2d, 0x61, 0x66, 0x74, 0x65, 0x72, 0x0a, 0x20, 0x20,
    0x20, 0x20, 0x20, 0x20, 0x28, 0x68, 0x65, 0x61, 0x64, 0x0a, 0x20, 0x20, 0x20, 0x20, 0x20, 0x20,
    0x20, 0x20, 0x28, 0x73, 0x75, 0x62, 0x7a, 0x65, 0x72, 0x6f, 0x2d, 0x6c, 0x6f, 0x6f, 0x6b, 0x75,
    0x70, 0x0a, 0x20, 0x20, 0x20, 0x20, 0x20, 0x20, 0x20, 0x20, 0x20, 0x20, 0x3f, 0x69, 0x6e, 0x64,
    0x65, 0x78, 0x0a, 0x20, 0x20, 0x20, 0x20, 0x20, 0x20, 0x20, 0x20, 0x20, 0x20, 0x28, 0x73, 0x75,
    0x62, 0x7a, 0x65, 0x72, 0x6f, 0x2d, 0x65, 0x6e, 0x76, 0x2d, 0x63, 0x6f, 0x6e, 0x73, 0x20, 0x3f,
    0x68, 0x65, 0x61, 0x64, 0x2d, 0x69, 0x6e, 0x64, 0x65, 0x78, 0x20, 0x3f, 0x68, 0x65, 0x61, 0x64,
    0x2d, 0x76, 0x61, 0x6c, 0x75, 0x65, 0x20, 0x3f, 0x72, 0x65, 0x73, 0x74, 0x29, 0x0a, 0x20, 0x20,
    0x20, 0x20, 0x20, 0x20, 0x20, 0x20, 0x20, 0x20, 0x3f, 0x76, 0x61, 0x6c, 0x75, 0x65, 0x29, 0x29,
    0x0a, 0x20, 0x20, 0x20, 0x20, 0x20, 0x20, 0x28, 0x62, 0x6f, 0x64, 0x79, 0x0a, 0x20, 0x20, 0x20,
    0x20, 0x20, 0x20, 0x20, 0x20, 0x28, 0x73, 0x75, 0x62, 0x7a, 0x65, 0x72, 0x6f, 0x2d, 0x69, 0x6e,
    0x64, 0x65, 0x78, 0x2d, 0x6c, 0x74, 0x20, 0x3f, 0x68, 0x65, 0x61, 0x64, 0x2d, 0x69, 0x6e, 0x64,
    0x65, 0x78, 0x20, 0x3f, 0x69, 0x6e, 0x64, 0x65, 0x78, 0x29, 0x0a, 0x20, 0x20, 0x20, 0x20, 0x20,
    0x20, 0x20, 0x20, 0x28, 0x73, 0x75, 0x62, 0x7a, 0x65, 0x72, 0x6f, 0x2d, 0x6c, 0x6f, 0x6f, 0x6b,
    0x75, 0x70, 0x20, 0x3f, 0x69, 0x6e, 0x64, 0x65, 0x78, 0x20, 0x3f, 0x72, 0x65, 0x73, 0x74, 0x20,
    0x3f, 0x76, 0x61, 0x6c, 0x75, 0x65, 0x29, 0x29, 0x29, 0x0a, 0x0a, 0x20, 0x20, 0x20, 0x20, 0x3b,
    0x20, 0x4d, 0x61, 0x74, 0x63, 0x68, 0x69, 0x6e, 0x67, 0x20, 0x69, 0x73, 0x20, 0x73, 0x74, 0x72,
    0x75, 0x63, 0x74, 0x75, 0x72, 0x61, 0x6c, 0x2e, 0x20, 0x20, 0x52, 0x65, 0x70, 0x65, 0x61, 0x74,
    0x65, 0x64, 0x20, 0x6f, 0x62, 0x6a, 0x65, 0x63, 0x74, 0x20, 0x76, 0x61, 0x72, 0x69, 0x61, 0x62,
    0x6c, 0x65, 0x73, 0x20, 0x6d, 0x75, 0x73, 0x74, 0x20, 0x72, 0x65, 0x75, 0x73, 0x65, 0x20, 0x65,
    0x78, 0x61, 0x63, 0x74, 0x6c, 0x79, 0x0a, 0x20, 0x20, 0x20, 0x20, 0x3b, 0x20, 0x74, 0x68, 0x65,
    0x20, 0x62, 0x69, 0x6e, 0x64, 0x69, 0x6e, 0x67, 0x20, 0x61, 0x6c, 0x72, 0x65, 0x61, 0x64, 0x79,
    0x20, 0x73, 0x74, 0x6f, 0x72, 0x65, 0x64, 0x20, 0x61, 0x74, 0x20, 0x74, 0x68, 0x65, 0x69, 0x72,
    0x20, 0x71, 0x75, 0x6f, 0x74, 0x65, 0x64, 0x20, 0x69, 0x6e, 0x64, 0x65, 0x78, 0x2e, 0x0a, 0x20,
    0x20, 0x20, 0x20, 0x28, 0x72, 0x75, 0x6c, 0x65, 0x20, 0x73, 0x75, 0x62, 0x7a, 0x65, 0x72, 0x6f,
    0x2d, 0x6d, 0x61, 0x74, 0x63, 0x68, 0x2d, 0x76, 0x61, 0x72, 0x69, 0x61, 0x62, 0x6c, 0x65, 0x0a,
    0x20, 0x20, 0x20, 0x20, 0x20, 0x20, 0x28, 0x68, 0x65, 0x61, 0x64, 0x0a, 0x20, 0x20, 0x20, 0x20,
    0x20, 0x20, 0x20, 0x20, 0x28, 0x73, 0x75, 0x62, 0x7a, 0x65, 0x72, 0x6f, 0x2d, 0x6d, 0x61, 0x74,
    0x63, 0x68, 0x20, 0x28, 0x71, 0x2d, 0x76, 0x61, 0x72, 0x20, 0x3f, 0x69, 0x6e, 0x64, 0x65, 0x78,
    0x29, 0x20, 0x3f, 0x76, 0x61, 0x6c, 0x75, 0x65, 0x20, 0x3f, 0x62, 0x65, 0x66, 0x6f, 0x72, 0x65,
    0x20, 0x3f, 0x61, 0x66, 0x74, 0x65, 0x72, 0x29, 0x29, 0x0a, 0x20, 0x20, 0x20, 0x20, 0x20, 0x20,
    0x28, 0x62, 0x6f, 0x64, 0x79, 0x20, 0x28, 0x73, 0x75, 0x62, 0x7a, 0x65, 0x72, 0x6f, 0x2d, 0x62,
    0x69, 0x6e, 0x64, 0x20, 0x3f, 0x69, 0x6e, 0x64, 0x65, 0x78, 0x20, 0x3f, 0x76, 0x61, 0x6c, 0x75,
    0x65, 0x20, 0x3f, 0x62, 0x65, 0x66, 0x6f, 0x72, 0x65, 0x20, 0x3f, 0x61, 0x66, 0x74, 0x65, 0x72,
    0x29, 0x29, 0x29, 0x0a, 0x20, 0x20, 0x20, 0x20, 0x28, 0x72, 0x75, 0x6c, 0x65, 0x20, 0x73, 0x75,
    0x62, 0x7a, 0x65, 0x72, 0x6f, 0x2d, 0x6d, 0x61, 0x74, 0x63, 0x68, 0x2d, 0x73, 0x79, 0x6d, 0x62,
    0x6f, 0x6c, 0x0a, 0x20, 0x20, 0x20, 0x20, 0x20, 0x20, 0x28, 0x68, 0x65, 0x61, 0x64, 0x0a, 0x20,
    0x20, 0x20, 0x20, 0x20, 0x20, 0x20, 0x20, 0x28, 0x73, 0x75, 0x62, 0x7a, 0x65, 0x72, 0x6f, 0x2d,
    0x6d, 0x61, 0x74, 0x63, 0x68, 0x20, 0x28, 0x71, 0x2d, 0x73, 0x79, 0x6d, 0x20, 0x3f, 0x6e, 0x61,
    0x6d, 0x65, 0x29, 0x20, 0x28, 0x71, 0x2d, 0x73, 0x79, 0x6d, 0x20, 0x3f, 0x6e, 0x61, 0x6d, 0x65,
    0x29, 0x20, 0x3f, 0x65, 0x6e, 0x76, 0x20, 0x3f, 0x65, 0x6e, 0x76, 0x29, 0x29, 0x0a, 0x20, 0x20,
    0x20, 0x20, 0x20, 0x20, 0x28, 0x62, 0x6f, 0x64, 0x79, 0x29, 0x29, 0x0a, 0x20, 0x20, 0x20, 0x20,
    0x28, 0x72, 0x75, 0x6c, 0x65, 0x20, 0x73, 0x75, 0x62, 0x7a, 0x65, 0x72, 0x6f, 0x2d, 0x6d, 0x61,
    0x74, 0x63, 0x68, 0x2d, 0x69, 0x6e, 0x74, 0x65, 0x67, 0x65, 0x72, 0x0a, 0x20, 0x20, 0x20, 0x20,
    0x20, 0x20, 0x28, 0x68, 0x65, 0x61, 0x64, 0x0a, 0x20, 0x20, 0x20, 0x20, 0x20, 0x20, 0x20, 0x20,
    0x28, 0x73, 0x75, 0x62, 0x7a, 0x65, 0x72, 0x6f, 0x2d, 0x6d, 0x61, 0x74, 0x63, 0x68, 0x20, 0x28,
    0x71, 0x2d, 0x69, 0x6e, 0x74, 0x20, 0x3f, 0x76, 0x61, 0x6c, 0x75, 0x65, 0x29, 0x20, 0x28, 0x71,
    0x2d, 0x69, 0x6e, 0x74, 0x20, 0x3f, 0x76, 0x61, 0x6c, 0x75, 0x65, 0x29, 0x20, 0x3f, 0x65, 0x6e,
    0x76, 0x20, 0x3f, 0x65, 0x6e, 0x76, 0x29, 0x29, 0x0a, 0x20, 0x20, 0x20, 0x20, 0x20, 0x20, 0x28,
    0x62, 0x6f, 0x64, 0x79, 0x29, 0x29, 0x0a, 0x20, 0x20, 0x20, 0x20, 0x28, 0x72, 0x75, 0x6c, 0x65,
    0x20, 0x73, 0x75, 0x62, 0x7a, 0x65, 0x72, 0x6f, 0x2d, 0x6d, 0x61, 0x74, 0x63, 0x68, 0x2d, 0x73,
    0x74, 0x72, 0x69, 0x6e, 0x67, 0x0a, 0x20, 0x20, 0x20, 0x20, 0x20, 0x20, 0x28, 0x68, 0x65, 0x61,
    0x64, 0x0a, 0x20, 0x20, 0x20, 0x20, 0x20, 0x20, 0x20, 0x20, 0x28, 0x73, 0x75, 0x62, 0x7a, 0x65,
    0x72, 0x6f, 0x2d, 0x6d, 0x61, 0x74, 0x63, 0x68, 0x20, 0x28, 0x71, 0x2d, 0x73, 0x74, 0x72, 0x20,
    0x3f, 0x76, 0x61, 0x6c, 0x75, 0x65, 0x29, 0x20, 0x28, 0x71, 0x2d, 0x73, 0x74, 0x72, 0x20, 0x3f,
    0x76, 0x61, 0x6c, 0x75, 0x65, 0x29, 0x20, 0x3f, 0x65, 0x6e, 0x76, 0x20, 0x3f, 0x65, 0x6e, 0x76,
    0x29, 0x29, 0x0a, 0x20, 0x20, 0x20, 0x20, 0x20, 0x20, 0x28, 0x62, 0x6f, 0x64, 0x79, 0x29, 0x29,
    0x0a, 0x20, 0x20, 0x20, 0x20, 0x28, 0x72, 0x75, 0x6c, 0x65, 0x20, 0x73, 0x75, 0x62, 0x7a, 0x65,
    0x72, 0x6f, 0x2d, 0x6d, 0x61, 0x74, 0x63, 0x68, 0x2d, 0x65, 0x6d, 0x70, 0x74, 0x79, 0x2d, 0x65,
    0x78, 0x70, 0x72, 0x65, 0x73, 0x73, 0x69, 0x6f, 0x6e, 0x0a, 0x20, 0x20, 0x20, 0x20, 0x20, 0x20,
    0x28, 0x68, 0x65, 0x61, 0x64, 0x20, 0x28, 0x73, 0x75, 0x62, 0x7a, 0x65, 0x72, 0x6f, 0x2d, 0x6d,
    0x61, 0x74, 0x63, 0x68, 0x20, 0x71, 0x2d, 0x65, 0x6d, 0x70, 0x74, 0x79, 0x20, 0x71, 0x2d, 0x65,
    0x6d, 0x70, 0x74, 0x79, 0x20, 0x3f, 0x65, 0x6e, 0x76, 0x20, 0x3f, 0x65, 0x6e, 0x76, 0x29, 0x29,
    0x0a, 0x20, 0x20, 0x20, 0x20, 0x20, 0x20, 0x28, 0x62, 0x6f, 0x64, 0x79, 0x29, 0x29, 0x0a, 0x20,
    0x20, 0x20, 0x20, 0x28, 0x72, 0x75, 0x6c, 0x65, 0x20, 0x73, 0x75, 0x62, 0x7a, 0x65, 0x72, 0x6f,
    0x2d, 0x6d, 0x61, 0x74, 0x63, 0x68, 0x2d, 0x67, 0x72, 0x6f, 0x75, 0x6e, 0x64, 0x0a, 0x20, 0x20,
    0x20, 0x20, 0x20, 0x20, 0x28, 0x68, 0x65, 0x61, 0x64, 0x0a, 0x20, 0x20, 0x20, 0x20, 0x20, 0x20,
    0x20, 0x20, 0x28, 0x73, 0x75, 0x62, 0x7a, 0x65, 0x72, 0x6f, 0x2d, 0x6d, 0x61, 0x74, 0x63, 0x68,
    0x0a, 0x20, 0x20, 0x20, 0x20, 0x20, 0x20, 0x20, 0x20, 0x20, 0x20, 0x28, 0x71, 0x2d, 0x67, 0x72,
    0x6f, 0x75, 0x6e, 0x64, 0x20, 0x3f, 0x76, 0x61, 0x6c, 0x75, 0x65, 0x29, 0x20, 0x28, 0x71, 0x2d,
    0x67, 0x72, 0x6f, 0x75, 0x6e, 0x64, 0x20, 0x3f, 0x76, 0x61, 0x6c, 0x75, 0x65, 0x29, 0x20, 0x3f,
    0x65, 0x6e, 0x76, 0x20, 0x3f, 0x65, 0x6e, 0x76, 0x29, 0x29, 0x0a, 0x20, 0x20, 0x20, 0x20, 0x20,
    0x20, 0x28, 0x62, 0x6f, 0x64, 0x79, 0x29, 0x29, 0x0a, 0x20, 0x20, 0x20, 0x20, 0x28, 0x72, 0x75,
    0x6c, 0x65, 0x20, 0x73, 0x75, 0x62, 0x7a, 0x65, 0x72, 0x6f, 0x2d, 0x6d, 0x61, 0x74, 0x63, 0x68,
    0x2d, 0x61, 0x70, 0x70, 0x6c, 0x69, 0x63, 0x61, 0x74, 0x69, 0x6f, 0x6e, 0x0a, 0x20, 0x20, 0x20,
    0x20, 0x20, 0x20, 0x28, 0x68, 0x65, 0x61, 0x64, 0x0a, 0x20, 0x20, 0x20, 0x20, 0x20, 0x20, 0x20,
    0x20, 0x28, 0x73, 0x75, 0x62, 0x7a, 0x65, 0x72, 0x6f, 0x2d, 0x6d, 0x61, 0x74, 0x63, 0x68, 0x0a,
    0x20, 0x20, 0x20, 0x20, 0x20, 0x20, 0x20, 0x20, 0x20, 0x20, 0x28, 0x71, 0x2d, 0x61, 0x70, 0x70,
    0x20, 0x3f, 0x70, 0x61, 0x74, 0x74, 0x65, 0x72, 0x6e, 0x2d, 0x68, 0x65, 0x61, 0x64, 0x20, 0x3f,
    0x70, 0x61, 0x74, 0x74, 0x65, 0x72, 0x6e, 0x2d, 0x61, 0x72, 0x67, 0x75, 0x6d, 0x65, 0x6e, 0x74,
    0x73, 0x29, 0x0a, 0x20, 0x20, 0x20, 0x20, 0x20, 0x20, 0x20, 0x20, 0x20, 0x20, 0x28, 0x71, 0x2d,
    0x61, 0x70, 0x70, 0x20, 0x3f, 0x76, 0x61, 0x6c, 0x75, 0x65, 0x2d, 0x68, 0x65, 0x61, 0x64, 0x20,
    0x3f, 0x76, 0x61, 0x6c, 0x75, 0x65, 0x2d, 0x61, 0x72, 0x67, 0x75, 0x6d, 0x65, 0x6e, 0x74, 0x73,
    0x29, 0x0a, 0x20, 0x20, 0x20, 0x20, 0x20, 0x20, 0x20, 0x20, 0x20, 0x20, 0x3f, 0x62, 0x65, 0x66,
    0x6f, 0x72, 0x65, 0x20, 0x3f, 0x61, 0x66, 0x74, 0x65, 0x72, 0x29, 0x29, 0x0a, 0x20, 0x20, 0x20,
    0x20, 0x20, 0x20, 0x28, 0x62, 0x6f, 0x64, 0x79, 0x0a, 0x20, 0x20, 0x20, 0x20, 0x20, 0x20, 0x20,
    0x20, 0x28, 0x73, 0x75, 0x62, 0x7a, 0x65, 0x72, 0x6f, 0x2d, 0x6d, 0x61, 0x74, 0x63, 0x68, 0x20,
    0x3f, 0x70, 0x61, 0x74, 0x74, 0x65, 0x72, 0x6e, 0x2d, 0x68, 0x65, 0x61, 0x64, 0x20, 0x3f, 0x76,
    0x61, 0x6c, 0x75, 0x65, 0x2d, 0x68, 0x65, 0x61, 0x64, 0x20, 0x3f, 0x62, 0x65, 0x66, 0x6f, 0x72,
    0x65, 0x20, 0x3f, 0x6d, 0x69, 0x64, 0x64, 0x6c, 0x65, 0x29, 0x0a, 0x20, 0x20, 0x20, 0x20, 0x20,
    0x20, 0x20, 0x20, 0x28, 0x73, 0x75, 0x62, 0x7a, 0x65, 0x72, 0x6f, 0x2d, 0x6d, 0x61, 0x74, 0x63,
    0x68, 0x2d, 0x6c, 0x69, 0x73, 0x74, 0x0a, 0x20, 0x20, 0x20, 0x20, 0x20, 0x20, 0x20, 0x20, 0x20,
    0x20, 0x3f, 0x70, 0x61, 0x74, 0x74, 0x65, 0x72, 0x6e, 0x2d, 0x61, 0x72, 0x67, 0x75, 0x6d, 0x65,
    0x6e, 0x74, 0x73, 0x20, 0x3f, 0x76, 0x61, 0x6c, 0x75, 0x65, 0x2d, 0x61, 0x72, 0x67, 0x75, 0x6d,
    0x65, 0x6e, 0x74, 0x73, 0x20, 0x3f, 0x6d, 0x69, 0x64, 0x64, 0x6c, 0x65, 0x20, 0x3f, 0x61, 0x66,
    0x74, 0x65, 0x72, 0x29, 0x29, 0x29, 0x0a, 0x20, 0x20, 0x20, 0x20, 0x28, 0x72, 0x75, 0x6c, 0x65,
    0x20, 0x73, 0x75, 0x62, 0x7a, 0x65, 0x72, 0x6f, 0x2d, 0x6d, 0x61, 0x74, 0x63, 0x68, 0x2d, 0x6c,
    0x69, 0x73, 0x74, 0x2d, 0x65, 0x6d, 0x70, 0x74, 0x79, 0x0a, 0x20, 0x20, 0x20, 0x20, 0x20, 0x20,
    0x28, 0x68, 0x65, 0x61, 0x64, 0x20, 0x28, 0x73, 0x75, 0x62, 0x7a, 0x65, 0x72, 0x6f, 0x2d, 0x6d,
    0x61, 0x74, 0x63, 0x68, 0x2d, 0x6c, 0x69, 0x73, 0x74, 0x20, 0x71, 0x2d, 0x6e, 0x69, 0x6c, 0x20,
    0x71, 0x2d, 0x6e, 0x69, 0x6c, 0x20, 0x3f, 0x65, 0x6e, 0x76, 0x20, 0x3f, 0x65, 0x6e, 0x76, 0x29,
    0x29, 0x0a, 0x20, 0x20, 0x20, 0x20, 0x20, 0x20, 0x28, 0x62, 0x6f, 0x64, 0x79, 0x29, 0x29, 0x0a,
    0x20, 0x20, 0x20, 0x20, 0x28, 0x72, 0x75, 0x6c, 0x65, 0x20, 0x73, 0x75, 0x62, 0x7a, 0x65, 0x72,
    0x6f, 0x2d, 0x6d, 0x61, 0x74, 0x63, 0x68, 0x2d, 0x6c, 0x69, 0x73, 0x74, 0x2d, 0x73, 0x74, 0x65,
    0x70, 0x0a, 0x20, 0x20, 0x20, 0x20, 0x20, 0x20, 0x28, 0x68, 0x65, 0x61, 0x64, 0x0a, 0x20, 0x20,
    0x20, 0x20, 0x20, 0x20, 0x20, 0x20, 0x28, 0x73, 0x75, 0x62, 0x7a, 0x65, 0x72, 0x6f, 0x2d, 0x6d,
    0x61, 0x74, 0x63, 0x68, 0x2d, 0x6c, 0x69, 0x73, 0x74, 0x0a, 0x20, 0x20, 0x20, 0x20, 0x20, 0x20,
    0x20, 0x20, 0x20, 0x20, 0x28, 0x71, 0x2d, 0x63, 0x6f, 0x6e, 0x73, 0x20, 0x3f, 0x70, 0x61, 0x74,
    0x74, 0x65, 0x72, 0x6e, 0x2d, 0x68, 0x65, 0x61, 0x64, 0x20, 0x3f, 0x70, 0x61, 0x74, 0x74, 0x65,
    0x72, 0x6e, 0x2d, 0x74, 0x61, 0x69, 0x6c, 0x29, 0x0a, 0x20, 0x20, 0x20, 0x20, 0x20, 0x20, 0x20,
    0x20, 0x20, 0x20, 0x28, 0x71, 0x2d, 0x63, 0x6f, 0x6e, 0x73, 0x20, 0x3f, 0x76, 0x61, 0x6c, 0x75,
    0x65, 0x2d, 0x68, 0x65, 0x61, 0x64, 0x20, 0x3f, 0x76, 0x61, 0x6c, 0x75, 0x65, 0x2d, 0x74, 0x61,
    0x69, 0x6c, 0x29, 0x0a, 0x20, 0x20, 0x20, 0x20, 0x20, 0x20, 0x20, 0x20, 0x20, 0x20, 0x3f, 0x62,
    0x65, 0x66, 0x6f, 0x72, 0x65, 0x20, 0x3f, 0x61, 0x66, 0x74, 0x65, 0x72, 0x29, 0x29, 0x0a, 0x20,
    0x20, 0x20, 0x20, 0x20, 0x20, 0x28, 0x62, 0x6f, 0x64, 0x79, 0x0a, 0x20, 0x20, 0x20, 0x20, 0x20,
    0x20, 0x20, 0x20, 0x28, 0x73, 0x75, 0x62, 0x7a, 0x65, 0x72, 0x6f, 0x2d, 0x6d, 0x61, 0x74, 0x63,
    0x68, 0x20, 0x3f, 0x70, 0x61, 0x74, 0x74, 0x65, 0x72, 0x6e, 0x2d, 0x68, 0x65, 0x61, 0x64, 0x20,
    0x3f, 0x76, 0x61, 0x6c, 0x75, 0x65, 0x2d, 0x68, 0x65, 0x61, 0x64, 0x20, 0x3f, 0x62, 0x65, 0x66,
    0x6f, 0x72, 0x65, 0x20, 0x3f, 0x6d, 0x69, 0x64, 0x64, 0x6c, 0x65, 0x29, 0x0a, 0x20, 0x20, 0x20,
    0x20, 0x20, 0x20, 0x20, 0x20, 0x28, 0x73, 0x75, 0x62, 0x7a, 0x65, 0x72, 0x6f, 0x2d, 0x6d, 0x61,
    0x74, 0x63, 0x68, 0x2d, 0x6c, 0x69, 0x73, 0x74, 0x0a, 0x20, 0x20, 0x20, 0x20, 0x20, 0x20, 0x20,
    0x20, 0x20, 0x20, 0x3f, 0x70, 0x61, 0x74, 0x74, 0x65, 0x72, 0x6e, 0x2d, 0x74, 0x61, 0x69, 0x6c,
    0x20, 0x3f, 0x76, 0x61, 0x6c, 0x75, 0x65, 0x2d, 0x74, 0x61, 0x69, 0x6c, 0x20, 0x3f, 0x6d, 0x69,
    0x64, 0x64, 0x6c, 0x65, 0x20, 0x3f, 0x61, 0x66, 0x74, 0x65, 0x72, 0x29, 0x29, 0x29, 0x0a, 0x0a,
    0x20, 0x20, 0x20, 0x20, 0x28, 0x72, 0x75, 0x6c, 0x65, 0x20, 0x73, 0x75, 0x62, 0x7a, 0x65, 0x72,
    0x6f, 0x2d, 0x73, 0x75, 0x62, 0x73, 0x74, 0x69, 0x74, 0x75, 0x74, 0x65, 0x2d, 0x76, 0x61, 0x72,
    0x69, 0x61, 0x62, 0x6c, 0x65, 0x0a, 0x20, 0x20, 0x20, 0x20, 0x20, 0x20, 0x28, 0x68, 0x65, 0x61,
    0x64, 0x20, 0x28, 0x73, 0x75, 0x62, 0x7a, 0x65, 0x72, 0x6f, 0x2d, 0x73, 0x75, 0x62, 0x73, 0x74,
    0x69, 0x74, 0x75, 0x74, 0x65, 0x20, 0x28, 0x71, 0x2d, 0x76, 0x61, 0x72, 0x20, 0x3f, 0x69, 0x6e,
    0x64, 0x65, 0x78, 0x29, 0x20, 0x3f, 0x65, 0x6e, 0x76, 0x20, 0x3f, 0x76, 0x61, 0x6c, 0x75, 0x65,
    0x29, 0x29, 0x0a, 0x20, 0x20, 0x20, 0x20, 0x20, 0x20, 0x28, 0x62, 0x6f, 0x64, 0x79, 0x20, 0x28,
    0x73, 0x75, 0x62, 0x7a, 0x65, 0x72, 0x6f, 0x2d, 0x6c, 0x6f, 0x6f, 0x6b, 0x75, 0x70, 0x20, 0x3f,
    0x69, 0x6e, 0x64, 0x65, 0x78, 0x20, 0x3f, 0x65, 0x6e, 0x76, 0x20, 0x3f, 0x76, 0x61, 0x6c, 0x75,
    0x65, 0x29, 0x29, 0x29, 0x0a, 0x20, 0x20, 0x20, 0x20, 0x28, 0x72, 0x75, 0x6c, 0x65, 0x20, 0x73,
    0x75, 0x62, 0x7a, 0x65, 0x72, 0x6f, 0x2d, 0x73, 0x75, 0x62, 0x73, 0x74, 0x69, 0x74, 0x75, 0x74,
    0x65, 0x2d, 0x73, 0x79, 0x6d, 0x62, 0x6f, 0x6c, 0x0a, 0x20, 0x20, 0x20, 0x20, 0x20, 0x20, 0x28,
    0x68, 0x65, 0x61, 0x64, 0x0a, 0x20, 0x20, 0x20, 0x20, 0x20, 0x20, 0x20, 0x20, 0x28, 0x73, 0x75,
    0x62, 0x7a, 0x65, 0x72, 0x6f, 0x2d, 0x73, 0x75, 0x62, 0x73, 0x74, 0x69, 0x74, 0x75, 0x74, 0x65,
    0x20, 0x28, 0x71, 0x2d, 0x73, 0x79, 0x6d, 0x20, 0x3f, 0x6e, 0x61, 0x6d, 0x65, 0x29, 0x20, 0x3f,
    0x65, 0x6e, 0x76, 0x20, 0x28, 0x71, 0x2d, 0x73, 0x79, 0x6d, 0x20, 0x3f, 0x6e, 0x61, 0x6d, 0x65,
    0x29, 0x29, 0x29, 0x0a, 0x20, 0x20, 0x20, 0x20, 0x20, 0x20, 0x28, 0x62, 0x6f, 0x64, 0x79, 0x29,
    0x29, 0x0a, 0x20, 0x20, 0x20, 0x20, 0x28, 0x72, 0x75, 0x6c, 0x65, 0x20, 0x73, 0x75, 0x62, 0x7a,
    0x65, 0x72, 0x6f, 0x2d, 0x73, 0x75, 0x62, 0x73, 0x74, 0x69, 0x74, 0x75, 0x74, 0x65, 0x2d, 0x69,
    0x6e, 0x74, 0x65, 0x67, 0x65, 0x72, 0x0a, 0x20, 0x20, 0x20, 0x20, 0x20, 0x20, 0x28, 0x68, 0x65,
    0x61, 0x64, 0x0a, 0x20, 0x20, 0x20, 0x20, 0x20, 0x20, 0x20, 0x20, 0x28, 0x73, 0x75, 0x62, 0x7a,
    0x65, 0x72, 0x6f, 0x2d, 0x73, 0x75, 0x62, 0x73, 0x74, 0x69, 0x74, 0x75, 0x74, 0x65, 0x20, 0x28,
    0x71, 0x2d, 0x69, 0x6e, 0x74, 0x20, 0x3f, 0x76, 0x61, 0x6c, 0x75, 0x65, 0x29, 0x20, 0x3f, 0x65,
    0x6e, 0x76, 0x20, 0x28, 0x71, 0x2d, 0x69, 0x6e, 0x74, 0x20, 0x3f, 0x76, 0x61, 0x6c, 0x75, 0x65,
    0x29, 0x29, 0x29, 0x0a, 0x20, 0x20, 0x20, 0x20, 0x20, 0x20, 0x28, 0x62, 0x6f, 0x64, 0x79, 0x29,
    0x29, 0x0a, 0x20, 0x20, 0x20, 0x20, 0x28, 0x72, 0x75, 0x6c, 0x65, 0x20, 0x73, 0x75, 0x62, 0x7a,
    0x65, 0x72, 0x6f, 0x2d, 0x73, 0x75, 0x62, 0x73, 0x74, 0x69, 0x74, 0x75, 0x74, 0x65, 0x2d, 0x73,
    0x74, 0x72, 0x69, 0x6e, 0x67, 0x0a, 0x20, 0x20, 0x20, 0x20, 0x20, 0x20, 0x28, 0x68, 0x65, 0x61,
    0x64, 0x0a, 0x20, 0x20, 0x20, 0x20, 0x20, 0x20, 0x20, 0x20, 0x28, 0x73, 0x75, 0x62, 0x7a, 0x65,
    0x72, 0x6f, 0x2d, 0x73, 0x75, 0x62, 0x73, 0x74, 0x69, 0x74, 0x75, 0x74, 0x65, 0x20, 0x28, 0x71,
    0x2d, 0x73, 0x74, 0x72, 0x20, 0x3f, 0x76, 0x61, 0x6c, 0x75, 0x65, 0x29, 0x20, 0x3f, 0x65, 0x6e,
    0x76, 0x20, 0x28, 0x71, 0x2d, 0x73, 0x74, 0x72, 0x20, 0x3f, 0x76, 0x61, 0x6c, 0x75, 0x65, 0x29,
    0x29, 0x29, 0x0a, 0x20, 0x20, 0x20, 0x20, 0x20, 0x20, 0x28, 0x62, 0x6f, 0x64, 0x79, 0x29, 0x29,
    0x0a, 0x20, 0x20, 0x20, 0x20, 0x28, 0x72, 0x75, 0x6c, 0x65, 0x20, 0x73, 0x75, 0x62, 0x7a, 0x65,
    0x72, 0x6f, 0x2d, 0x73, 0x75, 0x62, 0x73, 0x74, 0x69, 0x74, 0x75, 0x74, 0x65, 0x2d, 0x65, 0x6d,
    0x70, 0x74, 0x79, 0x2d, 0x65, 0x78, 0x70, 0x72, 0x65, 0x73, 0x73, 0x69, 0x6f, 0x6e, 0x0a, 0x20,
    0x20, 0x20, 0x20, 0x20, 0x20, 0x28, 0x68, 0x65, 0x61, 0x64, 0x20, 0x28, 0x73, 0x75, 0x62, 0x7a,
    0x65, 0x72, 0x6f, 0x2d, 0x73, 0x75, 0x62, 0x73, 0x74, 0x69, 0x74, 0x75, 0x74, 0x65, 0x20, 0x71,
    0x2d, 0x65, 0x6d, 0x70, 0x74, 0x79, 0x20, 0x3f, 0x65, 0x6e, 0x76, 0x20, 0x71, 0x2d, 0x65, 0x6d,
    0x70, 0x74, 0x79, 0x29, 0x29, 0x0a, 0x20, 0x20, 0x20, 0x20, 0x20, 0x20, 0x28, 0x62, 0x6f, 0x64,
    0x79, 0x29, 0x29, 0x0a, 0x20, 0x20, 0x20, 0x20, 0x28, 0x72, 0x75, 0x6c, 0x65, 0x20, 0x73, 0x75,
    0x62, 0x7a, 0x65, 0x72, 0x6f, 0x2d, 0x73, 0x75, 0x62, 0x73, 0x74, 0x69, 0x74, 0x75, 0x74, 0x65,
    0x2d, 0x67, 0x72, 0x6f, 0x75, 0x6e, 0x64, 0x0a, 0x20, 0x20, 0x20, 0x20, 0x20, 0x20, 0x28, 0x68,
    0x65, 0x61, 0x64, 0x0a, 0x20, 0x20, 0x20, 0x20, 0x20, 0x20, 0x20, 0x20, 0x28, 0x73, 0x75, 0x62,
    0x7a, 0x65, 0x72, 0x6f, 0x2d, 0x73, 0x75, 0x62, 0x73, 0x74, 0x69, 0x74, 0x75, 0x74, 0x65, 0x0a,
    0x20, 0x20, 0x20, 0x20, 0x20, 0x20, 0x20, 0x20, 0x20, 0x20, 0x28, 0x71, 0x2d, 0x67, 0x72, 0x6f,
    0x75, 0x6e, 0x64, 0x20, 0x3f, 0x76, 0x61, 0x6c, 0x75, 0x65, 0x29, 0x20, 0x3f, 0x65, 0x6e, 0x76,
    0x20, 0x28, 0x71, 0x2d, 0x67, 0x72, 0x6f, 0x75, 0x6e, 0x64, 0x20, 0x3f, 0x76, 0x61, 0x6c, 0x75,
    0x65, 0x29, 0x29, 0x29, 0x0a, 0x20, 0x20, 0x20, 0x20, 0x20, 0x20, 0x28, 0x62, 0x6f, 0x64, 0x79,
    0x29, 0x29, 0x0a, 0x20, 0x20, 0x20, 0x20, 0x28, 0x72, 0x75, 0x6c, 0x65, 0x20, 0x73, 0x75, 0x62,
    0x7a, 0x65, 0x72, 0x6f, 0x2d, 0x73, 0x75, 0x62, 0x73, 0x74, 0x69, 0x74, 0x75, 0x74, 0x65, 0x2d,
    0x61, 0x70, 0x70, 0x6c, 0x69, 0x63, 0x61, 0x74, 0x69, 0x6f, 0x6e, 0x0a, 0x20, 0x20, 0x20, 0x20,
    0x20, 0x20, 0x28, 0x68, 0x65, 0x61, 0x64, 0x0a, 0x20, 0x20, 0x20, 0x20, 0x20, 0x20, 0x20, 0x20,
    0x28, 0x73, 0x75, 0x62, 0x7a, 0x65, 0x72, 0x6f, 0x2d, 0x73, 0x75, 0x62, 0x73, 0x74, 0x69, 0x74,
    0x75, 0x74, 0x65, 0x0a, 0x20, 0x20, 0x20, 0x20, 0x20, 0x20, 0x20, 0x20, 0x20, 0x20, 0x28, 0x71,
    0x2d, 0x61, 0x70, 0x70, 0x20, 0x3f, 0x68, 0x65, 0x61, 0x64, 0x20, 0x3f, 0x61, 0x72, 0x67, 0x75,
    0x6d, 0x65, 0x6e, 0x74, 0x73, 0x29, 0x0a, 0x20, 0x20, 0x20, 0x20, 0x20, 0x20, 0x20, 0x20, 0x20,
    0x20, 0x3f, 0x65, 0x6e, 0x76, 0x0a, 0x20, 0x20, 0x20, 0x20, 0x20, 0x20, 0x20, 0x20, 0x20, 0x20,
    0x28, 0x71, 0x2d, 0x61, 0x70, 0x70, 0x20, 0x3f, 0x72, 0x65, 0x73, 0x75, 0x6c, 0x74, 0x2d, 0x68,
    0x65, 0x61, 0x64, 0x20, 0x3f, 0x72, 0x65, 0x73, 0x75, 0x6c, 0x74, 0x2d, 0x61, 0x72, 0x67, 0x75,
    0x6d, 0x65, 0x6e, 0x74, 0x73, 0x29, 0x29, 0x29, 0x0a, 0x20, 0x20, 0x20, 0x20, 0x20, 0x20, 0x28,
    0x62, 0x6f, 0x64, 0x79, 0x0a, 0x20, 0x20, 0x20, 0x20, 0x20, 0x20, 0x20, 0x20, 0x28, 0x73, 0x75,
    0x62, 0x7a, 0x65, 0x72, 0x6f, 0x2d, 0x73, 0x75, 0x62, 0x73, 0x74, 0x69, 0x74, 0x75, 0x74, 0x65,
    0x20, 0x3f, 0x68, 0x65, 0x61, 0x64, 0x20, 0x3f, 0x65, 0x6e, 0x76, 0x20, 0x3f, 0x72, 0x65, 0x73,
    0x75, 0x6c, 0x74, 0x2d, 0x68, 0x65, 0x61, 0x64, 0x29, 0x0a, 0x20, 0x20, 0x20, 0x20, 0x20, 0x20,
    0x20, 0x20, 0x28, 0x73, 0x75, 0x62, 0x7a, 0x65, 0x72, 0x6f, 0x2d, 0x73, 0x75, 0x62, 0x73, 0x74,
    0x69, 0x74, 0x75, 0x74, 0x65, 0x2d, 0x6c, 0x69, 0x73, 0x74, 0x20, 0x3f, 0x61, 0x72, 0x67, 0x75,
    0x6d, 0x65, 0x6e, 0x74, 0x73, 0x20, 0x3f, 0x65, 0x6e, 0x76, 0x20, 0x3f, 0x72, 0x65, 0x73, 0x75,
    0x6c, 0x74, 0x2d, 0x61, 0x72, 0x67, 0x75, 0x6d, 0x65, 0x6e, 0x74, 0x73, 0x29, 0x29, 0x29, 0x0a,
    0x20, 0x20, 0x20, 0x20, 0x28, 0x72, 0x75, 0x6c, 0x65, 0x20, 0x73, 0x75, 0x62, 0x7a, 0x65, 0x72,
    0x6f, 0x2d, 0x73, 0x75, 0x62, 0x73, 0x74, 0x69, 0x74, 0x75, 0x74, 0x65, 0x2d, 0x6c, 0x69, 0x73,
    0x74, 0x2d, 0x65, 0x6d, 0x70, 0x74, 0x79, 0x0a, 0x20, 0x20, 0x20, 0x20, 0x20, 0x20, 0x28, 0x68,
    0x65, 0x61, 0x64, 0x20, 0x28, 0x73, 0x75, 0x62, 0x7a, 0x65, 0x72, 0x6f, 0x2d, 0x73, 0x75, 0x62,
    0x73, 0x74, 0x69, 0x74, 0x75, 0x74, 0x65, 0x2d, 0x6c, 0x69, 0x73, 0x74, 0x20, 0x71, 0x2d, 0x6e,
    0x69, 0x6c, 0x20, 0x3f, 0x65, 0x6e, 0x76, 0x20, 0x71, 0x2d, 0x6e, 0x69, 0x6c, 0x29, 0x29, 0x0a,
    0x20, 0x20, 0x20, 0x20, 0x20, 0x20, 0x28, 0x62, 0x6f, 0x64, 0x79, 0x29, 0x29, 0x0a, 0x20, 0x20,
    0x20, 0x20, 0x28, 0x72, 0x75, 0x6c, 0x65, 0x20, 0x73, 0x75, 0x62, 0x7a, 0x65, 0x72, 0x6f, 0x2d,
    0x73, 0x75, 0x62, 0x73, 0x74, 0x69, 0x74, 0x75, 0x74, 0x65, 0x2d, 0x6c, 0x69, 0x73, 0x74, 0x2d,
    0x73, 0x74, 0x65, 0x70, 0x0a, 0x20, 0x20, 0x20, 0x20, 0x20, 0x20, 0x28, 0x68, 0x65, 0x61, 0x64,
    0x0a, 0x20, 0x20, 0x20, 0x20, 0x20, 0x20, 0x20, 0x20, 0x28, 0x73, 0x75, 0x62, 0x7a, 0x65, 0x72,
    0x6f, 0x2d, 0x73, 0x75, 0x62, 0x73, 0x74, 0x69, 0x74, 0x75, 0x74, 0x65, 0x2d, 0x6c, 0x69, 0x73,
    0x74, 0x0a, 0x20, 0x20, 0x20, 0x20, 0x20, 0x20, 0x20, 0x20, 0x20, 0x20, 0x28, 0x71, 0x2d, 0x63,
    0x6f, 0x6e, 0x73, 0x20, 0x3f, 0x68, 0x65, 0x61, 0x64, 0x20, 0x3f, 0x74, 0x61, 0x69, 0x6c, 0x29,
    0x0a, 0x20, 0x20, 0x20, 0x20, 0x20, 0x20, 0x20, 0x20, 0x20, 0x20, 0x3f, 0x65, 0x6e, 0x76, 0x0a,
    0x20, 0x20, 0x20, 0x20, 0x20, 0x20, 0x20, 0x20, 0x20, 0x20, 0x28, 0x71, 0x2d, 0x63, 0x6f, 0x6e,
    0x73, 0x20, 0x3f, 0x72, 0x65, 0x73, 0x75, 0x6c, 0x74, 0x2d, 0x68, 0x65, 0x61, 0x64, 0x20, 0x3f,
    0x72, 0x65, 0x73, 0x75, 0x6c, 0x74, 0x2d, 0x74, 0x61, 0x69, 0x6c, 0x29, 0x29, 0x29, 0x0a, 0x20,
    0x20, 0x20, 0x20, 0x20, 0x20, 0x28, 0x62, 0x6f, 0x64, 0x79, 0x0a, 0x20, 0x20, 0x20, 0x20, 0x20,
    0x20, 0x20, 0x20, 0x28, 0x73, 0x75, 0x62, 0x7a, 0x65, 0x72, 0x6f, 0x2d, 0x73, 0x75, 0x62, 0x73,
    0x74, 0x69, 0x74, 0x75, 0x74, 0x65, 0x20, 0x3f, 0x68, 0x65, 0x61, 0x64, 0x20, 0x3f, 0x65, 0x6e,
    0x76, 0x20, 0x3f, 0x72, 0x65, 0x73, 0x75, 0x6c, 0x74, 0x2d, 0x68, 0x65, 0x61, 0x64, 0x29, 0x0a,
    0x20, 0x20, 0x20, 0x20, 0x20, 0x20, 0x20, 0x20, 0x28, 0x73, 0x75, 0x62, 0x7a, 0x65, 0x72, 0x6f,
    0x2d, 0x73, 0x75, 0x62, 0x73, 0x74, 0x69, 0x74, 0x75, 0x74, 0x65, 0x2d, 0x6c, 0x69, 0x73, 0x74,
    0x20, 0x3f, 0x74, 0x61, 0x69, 0x6c, 0x20, 0x3f, 0x65, 0x6e, 0x76, 0x20, 0x3f, 0x72, 0x65, 0x73,
    0x75, 0x6c, 0x74, 0x2d, 0x74, 0x61, 0x69, 0x6c, 0x29, 0x29, 0x29, 0x0a, 0x0a, 0x20, 0x20, 0x20,
    0x20, 0x28, 0x72, 0x75, 0x6c, 0x65, 0x20, 0x73, 0x75, 0x62, 0x7a, 0x65, 0x72, 0x6f, 0x2d, 0x72,
    0x6f, 0x6f, 0x74, 0x2d, 0x73, 0x74, 0x65, 0x70, 0x2d, 0x66, 0x72, 0x6f, 0x6d, 0x2d, 0x72, 0x75,
    0x6c, 0x65, 0x2d, 0x61, 0x74, 0x6f, 0x6d, 0x0a, 0x20, 0x20, 0x20, 0x20, 0x20, 0x20, 0x28, 0x68,
    0x65, 0x61, 0x64, 0x0a, 0x20, 0x20, 0x20, 0x20, 0x20, 0x20, 0x20, 0x20, 0x28, 0x73, 0x75, 0x62,
    0x7a, 0x65, 0x72, 0x6f, 0x2d, 0x72, 0x6f, 0x6f, 0x74, 0x2d, 0x73, 0x74, 0x65, 0x70, 0x0a, 0x20,
    0x20, 0x20, 0x20, 0x20, 0x20, 0x20, 0x20, 0x20, 0x20, 0x3f, 0x70, 0x72, 0x6f, 0x67, 0x72, 0x61,
    0x6d, 0x20, 0x3f, 0x73, 0x75, 0x62, 0x6a, 0x65, 0x63, 0x74, 0x0a, 0x20, 0x20, 0x20, 0x20, 0x20,
    0x20, 0x20, 0x20, 0x20, 0x20, 0x28, 0x73, 0x75, 0x62, 0x7a, 0x65, 0x72, 0x6f, 0x2d, 0x61, 0x74,
    0x2d, 0x72, 0x6f, 0x6f, 0x74, 0x20, 0x3f, 0x6f, 0x63, 0x63, 0x75, 0x72, 0x72, 0x65, 0x6e, 0x63,
    0x65, 0x20, 0x3f, 0x65, 0x6e, 0x76, 0x69, 0x72, 0x6f, 0x6e, 0x6d, 0x65, 0x6e, 0x74, 0x29, 0x0a,
    0x20, 0x20, 0x20, 0x20, 0x20, 0x20, 0x20, 0x20, 0x20, 0x20, 0x3f, 0x72, 0x65, 0x73, 0x75, 0x6c,
    0x74, 0x29, 0x29, 0x0a, 0x20, 0x20, 0x20, 0x20, 0x20, 0x20, 0x28, 0x62, 0x6f, 0x64, 0x79, 0x0a,
    0x20, 0x20, 0x20, 0x20, 0x20, 0x20, 0x20, 0x20, 0x28, 0x73, 0x75, 0x62, 0x7a, 0x65, 0x72, 0x6f,
    0x2d, 0x72, 0x75, 0x6c, 0x65, 0x2d, 0x76, 0x69, 0x65, 0x77, 0x20, 0x3f, 0x70, 0x72, 0x6f, 0x67,
    0x72, 0x61, 0x6d, 0x20, 0x3f, 0x6f, 0x63, 0x63, 0x75, 0x72, 0x72, 0x65, 0x6e, 0x63, 0x65, 0x20,
    0x3f, 0x70, 0x61, 0x74, 0x74, 0x65, 0x72, 0x6e, 0x20, 0x3f, 0x74, 0x65, 0x6d, 0x70, 0x6c, 0x61,
    0x74, 0x65, 0x29, 0x0a, 0x20, 0x20, 0x20, 0x20, 0x20, 0x20, 0x20, 0x20, 0x28, 0x73, 0x75, 0x62,
    0x7a, 0x65, 0x72, 0x6f, 0x2d, 0x6d, 0x61, 0x74, 0x63, 0x68, 0x0a, 0x20, 0x20, 0x20, 0x20, 0x20,
    0x20, 0x20, 0x20, 0x20, 0x20, 0x3f, 0x70, 0x61, 0x74, 0x74, 0x65, 0x72, 0x6e, 0x20, 0x3f, 0x73,
    0x75, 0x62, 0x6a, 0x65, 0x63, 0x74, 0x20, 0x73, 0x75, 0x62, 0x7a, 0x65, 0x72, 0x6f, 0x2d, 0x65,
    0x6e, 0x76, 0x2d, 0x6e, 0x69, 0x6c, 0x20, 0x3f, 0x65, 0x6e, 0x76, 0x69, 0x72, 0x6f, 0x6e, 0x6d,
    0x65, 0x6e, 0x74, 0x29, 0x0a, 0x20, 0x20, 0x20, 0x20, 0x20, 0x20, 0x20, 0x20, 0x28, 0x73, 0x75,
    0x62, 0x7a, 0x65, 0x72, 0x6f, 0x2d, 0x73, 0x75, 0x62, 0x73, 0x74, 0x69, 0x74, 0x75, 0x74, 0x65,
    0x20, 0x3f, 0x74, 0x65, 0x6d, 0x70, 0x6c, 0x61, 0x74, 0x65, 0x20, 0x3f, 0x65, 0x6e, 0x76, 0x69,
    0x72, 0x6f, 0x6e, 0x6d, 0x65, 0x6e, 0x74, 0x20, 0x3f, 0x72, 0x65, 0x73, 0x75, 0x6c, 0x74, 0x29,
    0x29, 0x29, 0x0a, 0x0a, 0x20, 0x20, 0x20, 0x20, 0x3b, 0x20, 0x43, 0x6f, 0x6e, 0x74, 0x65, 0x78,
    0x74, 0x75, 0x61, 0x6c, 0x20, 0x63, 0x6c, 0x6f, 0x73, 0x75, 0x72, 0x65, 0x20, 0x63, 0x68, 0x6f,
    0x6f, 0x73, 0x65, 0x73, 0x20, 0x65, 0x78, 0x61, 0x63, 0x74, 0x6c, 0x79, 0x20, 0x6f, 0x6e, 0x65,
    0x20, 0x6f, 0x63, 0x63, 0x75, 0x72, 0x72, 0x65, 0x6e, 0x63, 0x65, 0x2e, 0x20, 0x20, 0x52, 0x6f,
    0x6f, 0x74, 0x2c, 0x20, 0x65, 0x78, 0x70, 0x72, 0x65, 0x73, 0x73, 0x69, 0x6f, 0x6e, 0x0a, 0x20,
    0x20, 0x20, 0x20, 0x3b, 0x20, 0x68, 0x65, 0x61, 0x64, 0x2c, 0x20, 0x61, 0x6e, 0x64, 0x20, 0x61,
    0x72, 0x67, 0x75, 0x6d, 0x65, 0x6e, 0x74, 0x20, 0x70, 0x6f, 0x73, 0x69, 0x74, 0x69, 0x6f, 0x6e,
    0x73, 0x20, 0x61, 0x72, 0x65, 0x20, 0x64, 0x69, 0x73, 0x74, 0x69, 0x6e, 0x67, 0x75, 0x69, 0x73,
    0x68, 0x65, 0x64, 0x20, 0x62, 0x79, 0x20, 0x74, 0x68, 0x65, 0x20, 0x6f, 0x63, 0x63, 0x75, 0x72,
    0x72, 0x65, 0x6e, 0x63, 0x65, 0x20, 0x70, 0x72, 0x6f, 0x6f, 0x66, 0x2e, 0x0a, 0x20, 0x20, 0x20,
    0x20, 0x28, 0x72, 0x75, 0x6c, 0x65, 0x20, 0x73, 0x75, 0x62, 0x7a, 0x65, 0x72, 0x6f, 0x2d, 0x73,
    0x74, 0x65, 0x70, 0x2d, 0x72, 0x6f, 0x6f, 0x74, 0x0a, 0x20, 0x20, 0x20, 0x20, 0x20, 0x20, 0x28,
    0x68, 0x65, 0x61, 0x64, 0x0a, 0x20, 0x20, 0x20, 0x20, 0x20, 0x20, 0x20, 0x20, 0x28, 0x73, 0x75,
    0x62, 0x7a, 0x65, 0x72, 0x6f, 0x2d, 0x73, 0x74, 0x65, 0x70, 0x20, 0x3f, 0x70, 0x72, 0x6f, 0x67,
    0x72, 0x61, 0x6d, 0x20, 0x3f, 0x73, 0x75, 0x62, 0x6a, 0x65, 0x63, 0x74, 0x20, 0x3f, 0x6f, 0x63,
    0x63, 0x75, 0x72, 0x72, 0x65, 0x6e, 0x63, 0x65, 0x20, 0x3f, 0x72, 0x65, 0x73, 0x75, 0x6c, 0x74,
    0x29, 0x29, 0x0a, 0x20, 0x20, 0x20, 0x20, 0x20, 0x20, 0x28, 0x62, 0x6f, 0x64, 0x79, 0x0a, 0x20,
    0x20, 0x20, 0x20, 0x20, 0x20, 0x20, 0x20, 0x28, 0x73, 0x75, 0x62, 0x7a, 0x65, 0x72, 0x6f, 0x2d,
    0x72, 0x6f, 0x6f, 0x74, 0x2d, 0x73, 0x74, 0x65, 0x70, 0x20, 0x3f, 0x70, 0x72, 0x6f, 0x67, 0x72,
    0x61, 0x6d, 0x20, 0x3f, 0x73, 0x75, 0x62, 0x6a, 0x65, 0x63, 0x74, 0x20, 0x3f, 0x6f, 0x63, 0x63,
    0x75, 0x72, 0x72, 0x65, 0x6e, 0x63, 0x65, 0x20, 0x3f, 0x72, 0x65, 0x73, 0x75, 0x6c, 0x74, 0x29,
    0x29, 0x29, 0x0a, 0x20, 0x20, 0x20, 0x20, 0x28, 0x72, 0x75, 0x6c, 0x65, 0x20, 0x73, 0x75, 0x62,
    0x7a, 0x65, 0x72, 0x6f, 0x2d, 0x73, 0x74, 0x65, 0x70, 0x2d, 0x61, 0x70, 0x70, 0x6c, 0x69, 0x63,
    0x61, 0x74, 0x69, 0x6f, 0x6e, 0x2d, 0x68, 0x65, 0x61, 0x64, 0x0a, 0x20, 0x20, 0x20, 0x20, 0x20,
    0x20, 0x28, 0x68, 0x65, 0x61, 0x64, 0x0a, 0x20, 0x20, 0x20, 0x20, 0x20, 0x20, 0x20, 0x20, 0x28,
    0x73, 0x75, 0x62, 0x7a, 0x65, 0x72, 0x6f, 0x2d, 0x73, 0x74, 0x65, 0x70, 0x0a, 0x20, 0x20, 0x20,
    0x20, 0x20, 0x20, 0x20, 0x20, 0x20, 0x20, 0x3f, 0x70, 0x72, 0x6f, 0x67, 0x72, 0x61, 0x6d, 0x0a,
    0x20, 0x20, 0x20, 0x20, 0x20, 0x20, 0x20, 0x20, 0x20, 0x20, 0x28, 0x71, 0x2d, 0x61, 0x70, 0x70,
    0x20, 0x3f, 0x68, 0x65, 0x61, 0x64, 0x20, 0x3f, 0x61, 0x72, 0x67, 0x75, 0x6d, 0x65, 0x6e, 0x74,
    0x73, 0x29, 0x0a, 0x20, 0x20, 0x20, 0x20, 0x20, 0x20, 0x20, 0x20, 0x20, 0x20, 0x28, 0x73, 0x75,
    0x62, 0x7a, 0x65, 0x72, 0x6f, 0x2d, 0x69, 0x6e, 0x2d, 0x68, 0x65, 0x61, 0x64, 0x20, 0x3f, 0x6f,
    0x63, 0x63, 0x75, 0x72, 0x72, 0x65, 0x6e, 0x63, 0x65, 0x29, 0x0a, 0x20, 0x20, 0x20, 0x20, 0x20,
    0x20, 0x20, 0x20, 0x20, 0x20, 0x28, 0x71, 0x2d, 0x61, 0x70, 0x70, 0x20, 0x3f, 0x72, 0x65, 0x73,
    0x75, 0x6c, 0x74, 0x2d, 0x68, 0x65, 0x61, 0x64, 0x20, 0x3f, 0x61, 0x72, 0x67, 0x75, 0x6d, 0x65,
    0x6e, 0x74, 0x73, 0x29, 0x29, 0x29, 0x0a, 0x20, 0x20, 0x20, 0x20, 0x20, 0x20, 0x28, 0x62, 0x6f,
    0x64, 0x79, 0x0a, 0x20, 0x20, 0x20, 0x20, 0x20, 0x20, 0x20, 0x20, 0x28, 0x73, 0x75, 0x62, 0x7a,
    0x65, 0x72, 0x6f, 0x2d, 0x73, 0x74, 0x65, 0x70, 0x20, 0x3f, 0x70, 0x72, 0x6f, 0x67, 0x72, 0x61,
    0x6d, 0x20, 0x3f, 0x68, 0x65, 0x61, 0x64, 0x20, 0x3f, 0x6f, 0x63, 0x63, 0x75, 0x72, 0x72, 0x65,
    0x6e, 0x63, 0x65, 0x20, 0x3f, 0x72, 0x65, 0x73, 0x75, 0x6c, 0x74, 0x2d, 0x68, 0x65, 0x61, 0x64,
    0x29, 0x29, 0x29, 0x0a, 0x20, 0x20, 0x20, 0x20, 0x28, 0x72, 0x75, 0x6c, 0x65, 0x20, 0x73, 0x75,
    0x62, 0x7a, 0x65, 0x72, 0x6f, 0x2d, 0x73, 0x74, 0x65, 0x70, 0x2d, 0x61, 0x70, 0x70, 0x6c, 0x69,
    0x63, 0x61, 0x74, 0x69, 0x6f, 0x6e, 0x2d, 0x61, 0x72, 0x67, 0x75, 0x6d, 0x65, 0x6e, 0x74, 0x0a,
    0x20, 0x20, 0x20, 0x20, 0x20, 0x20, 0x28, 0x68, 0x65, 0x61, 0x64, 0x0a, 0x20, 0x20, 0x20, 0x20,
    0x20, 0x20, 0x20, 0x20, 0x28, 0x73, 0x75, 0x62, 0x7a, 0x65, 0x72, 0x6f, 0x2d, 0x73, 0x74, 0x65,
    0x70, 0x0a, 0x20, 0x20, 0x20, 0x20, 0x20, 0x20, 0x20, 0x20, 0x20, 0x20, 0x3f, 0x70, 0x72, 0x6f,
    0x67, 0x72, 0x61, 0x6d, 0x0a, 0x20, 0x20, 0x20, 0x20, 0x20, 0x20, 0x20, 0x20, 0x20, 0x20, 0x28,
    0x71, 0x2d, 0x61, 0x70, 0x70, 0x20, 0x3f, 0x68, 0x65, 0x61, 0x64, 0x20, 0x3f, 0x61, 0x72, 0x67,
    0x75, 0x6d, 0x65, 0x6e, 0x74, 0x73, 0x29, 0x0a, 0x20, 0x20, 0x20, 0x20, 0x20, 0x20, 0x20, 0x20,
    0x20, 0x20, 0x3f, 0x6f, 0x63, 0x63, 0x75, 0x72, 0x72, 0x65, 0x6e, 0x63, 0x65, 0x0a, 0x20, 0x20,
    0x20, 0x20, 0x20, 0x20, 0x20, 0x20, 0x20, 0x20, 0x28, 0x71, 0x2d, 0x61, 0x70, 0x70, 0x20, 0x3f,
    0x68, 0x65, 0x61, 0x64, 0x20, 0x3f, 0x72, 0x65, 0x73, 0x75, 0x6c, 0x74, 0x2d, 0x61, 0x72, 0x67,
    0x75, 0x6d, 0x65, 0x6e, 0x74, 0x73, 0x29, 0x29, 0x29, 0x0a, 0x20, 0x20, 0x20, 0x20, 0x20, 0x20,
    0x28, 0x62, 0x6f, 0x64, 0x79, 0x0a, 0x20, 0x20, 0x20, 0x20, 0x20, 0x20, 0x20, 0x20, 0x28, 0x73,
    0x75, 0x62, 0x7a, 0x65, 0x72, 0x6f, 0x2d, 0x73, 0x74, 0x65, 0x70, 0x2d, 0x6c, 0x69, 0x73, 0x74,
    0x0a, 0x20, 0x20, 0x20, 0x20, 0x20, 0x20, 0x20, 0x20, 0x20, 0x20, 0x3f, 0x70, 0x72, 0x6f, 0x67,
    0x72, 0x61, 0x6d, 0x20, 0x3f, 0x61, 0x72, 0x67, 0x75, 0x6d, 0x65, 0x6e, 0x74, 0x73, 0x20, 0x3f,
    0x6f, 0x63, 0x63, 0x75, 0x72, 0x72, 0x65, 0x6e, 0x63, 0x65, 0x20, 0x3f, 0x72, 0x65, 0x73, 0x75,
    0x6c, 0x74, 0x2d, 0x61, 0x72, 0x67, 0x75, 0x6d, 0x65, 0x6e, 0x74, 0x73, 0x29, 0x29, 0x29, 0x0a,
    0x20, 0x20, 0x20, 0x20, 0x28, 0x72, 0x75, 0x6c, 0x65, 0x20, 0x73, 0x75, 0x62, 0x7a, 0x65, 0x72,
    0x6f, 0x2d, 0x73, 0x74, 0x65, 0x70, 0x2d, 0x6c, 0x69, 0x73, 0x74, 0x2d, 0x68, 0x65, 0x61, 0x64,
    0x0a, 0x20, 0x20, 0x20, 0x20, 0x20, 0x20, 0x28, 0x68, 0x65, 0x61, 0x64, 0x0a, 0x20, 0x20, 0x20,
    0x20, 0x20, 0x20, 0x20, 0x20, 0x28, 0x73, 0x75, 0x62, 0x7a, 0x65, 0x72, 0x6f, 0x2d, 0x73, 0x74,
    0x65, 0x70, 0x2d, 0x6c, 0x69, 0x73, 0x74, 0x0a, 0x20, 0x20, 0x20, 0x20, 0x20, 0x20, 0x20, 0x20,
    0x20, 0x20, 0x3f, 0x70, 0x72, 0x6f, 0x67, 0x72, 0x61, 0x6d, 0x0a, 0x20, 0x20, 0x20, 0x20, 0x20,
    0x20, 0x20, 0x20, 0x20, 0x20, 0x28, 0x71, 0x2d, 0x63, 0x6f, 0x6e, 0x73, 0x20, 0x3f, 0x68, 0x65,
    0x61, 0x64, 0x20, 0x3f, 0x74, 0x61, 0x69, 0x6c, 0x29, 0x0a, 0x20, 0x20, 0x20, 0x20, 0x20, 0x20,
    0x20, 0x20, 0x20, 0x20, 0x28, 0x73, 0x75, 0x62, 0x7a, 0x65, 0x72, 0x6f, 0x2d, 0x69, 0x6e, 0x2d,
    0x61, 0x72, 0x67, 0x75, 0x6d, 0x65, 0x6e, 0x74, 0x20, 0x71, 0x2d, 0x7a, 0x65, 0x72, 0x6f, 0x20,
    0x3f, 0x6f, 0x63, 0x63, 0x75, 0x72, 0x72, 0x65, 0x6e, 0x63, 0x65, 0x29, 0x0a, 0x20, 0x20, 0x20,
    0x20, 0x20, 0x20, 0x20, 0x20, 0x20, 0x20, 0x28, 0x71, 0x2d, 0x63, 0x6f, 0x6e, 0x73, 0x20, 0x3f,
    0x72, 0x65, 0x73, 0x75, 0x6c, 0x74, 0x2d, 0x68, 0x65, 0x61, 0x64, 0x20, 0x3f, 0x74, 0x61, 0x69,
    0x6c, 0x29, 0x29, 0x29, 0x0a, 0x20, 0x20, 0x20, 0x20, 0x20, 0x20, 0x28, 0x62, 0x6f, 0x64, 0x79,
    0x0a, 0x20, 0x20, 0x20, 0x20, 0x20, 0x20, 0x20, 0x20, 0x28, 0x73, 0x75, 0x62, 0x7a, 0x65, 0x72,
    0x6f, 0x2d, 0x73, 0x74, 0x65, 0x70, 0x20, 0x3f, 0x70, 0x72, 0x6f, 0x67, 0x72, 0x61, 0x6d, 0x20,
    0x3f, 0x68, 0x65, 0x61, 0x64, 0x20, 0x3f, 0x6f, 0x63, 0x63, 0x75, 0x72, 0x72, 0x65, 0x6e, 0x63,
    0x65, 0x20, 0x3f, 0x72, 0x65, 0x73, 0x75, 0x6c, 0x74, 0x2d, 0x68, 0x65, 0x61, 0x64, 0x29, 0x29,
    0x29, 0x0a, 0x20, 0x20, 0x20, 0x20, 0x28, 0x72, 0x75, 0x6c, 0x65, 0x20, 0x73, 0x75, 0x62, 0x7a,
    0x65, 0x72, 0x6f, 0x2d, 0x73, 0x74, 0x65, 0x70, 0x2d, 0x6c, 0x69, 0x73, 0x74, 0x2d, 0x74, 0x61,
    0x69, 0x6c, 0x0a, 0x20, 0x20, 0x20, 0x20, 0x20, 0x20, 0x28, 0x68, 0x65, 0x61, 0x64, 0x0a, 0x20,
    0x20, 0x20, 0x20, 0x20, 0x20, 0x20, 0x20, 0x28, 0x73, 0x75, 0x62, 0x7a, 0x65, 0x72, 0x6f, 0x2d,
    0x73, 0x74, 0x65, 0x70, 0x2d, 0x6c, 0x69, 0x73, 0x74, 0x0a, 0x20, 0x20, 0x20, 0x20, 0x20, 0x20,
    0x20, 0x20, 0x20, 0x20, 0x3f, 0x70, 0x72, 0x6f, 0x67, 0x72, 0x61, 0x6d, 0x0a, 0x20, 0x20, 0x20,
    0x20, 0x20, 0x20, 0x20, 0x20, 0x20, 0x20, 0x28, 0x71, 0x2d, 0x63, 0x6f, 0x6e, 0x73, 0x20, 0x3f,
    0x68, 0x65, 0x61, 0x64, 0x20, 0x3f, 0x74, 0x61, 0x69, 0x6c, 0x29, 0x0a, 0x20, 0x20, 0x20, 0x20,
    0x20, 0x20, 0x20, 0x20, 0x20, 0x20, 0x28, 0x73, 0x75, 0x62, 0x7a, 0x65, 0x72, 0x6f, 0x2d, 0x69,
    0x6e, 0x2d, 0x61, 0x72, 0x67, 0x75, 0x6d, 0x65, 0x6e, 0x74, 0x20, 0x28, 0x71, 0x2d, 0x73, 0x75,
    0x63, 0x63, 0x20, 0x3f, 0x69, 0x6e, 0x64, 0x65, 0x78, 0x29, 0x20, 0x3f, 0x6f, 0x63, 0x63, 0x75,
    0x72, 0x72, 0x65, 0x6e, 0x63, 0x65, 0x29, 0x0a, 0x20, 0x20, 0x20, 0x20, 0x20, 0x20, 0x20, 0x20,
    0x20, 0x20, 0x28, 0x71, 0x2d, 0x63, 0x6f, 0x6e, 0x73, 0x20, 0x3f, 0x68, 0x65, 0x61, 0x64, 0x20,
    0x3f, 0x72, 0x65, 0x73, 0x75, 0x6c, 0x74, 0x2d, 0x74, 0x61, 0x69, 0x6c, 0x29, 0x29, 0x29, 0x0a,
    0x20, 0x20, 0x20, 0x20, 0x20, 0x20, 0x28, 0x62, 0x6f, 0x64, 0x79, 0x0a, 0x20, 0x20, 0x20, 0x20,
    0x20, 0x20, 0x20, 0x20, 0x28, 0x73, 0x75, 0x62, 0x7a, 0x65, 0x72, 0x6f, 0x2d, 0x73, 0x74, 0x65,
    0x70, 0x2d, 0x6c, 0x69, 0x73, 0x74, 0x0a, 0x20, 0x20, 0x20, 0x20, 0x20, 0x20, 0x20, 0x20, 0x20,
    0x20, 0x3f, 0x70, 0x72, 0x6f, 0x67, 0x72, 0x61, 0x6d, 0x0a, 0x20, 0x20, 0x20, 0x20, 0x20, 0x20,
    0x20, 0x20, 0x20, 0x20, 0x3f, 0x74, 0x61, 0x69, 0x6c, 0x0a, 0x20, 0x20, 0x20, 0x20, 0x20, 0x20,
    0x20, 0x20, 0x20, 0x20, 0x28, 0x73, 0x75, 0x62, 0x7a, 0x65, 0x72, 0x6f, 0x2d, 0x69, 0x6e, 0x2d,
    0x61, 0x72, 0x67, 0x75, 0x6d, 0x65, 0x6e, 0x74, 0x20, 0x3f, 0x69, 0x6e, 0x64, 0x65, 0x78, 0x20,
    0x3f, 0x6f, 0x63, 0x63, 0x75, 0x72, 0x72, 0x65, 0x6e, 0x63, 0x65, 0x29, 0x0a, 0x20, 0x20, 0x20,
    0x20, 0x20, 0x20, 0x20, 0x20, 0x20, 0x20, 0x3f, 0x72, 0x65, 0x73, 0x75, 0x6c, 0x74, 0x2d, 0x74,
    0x61, 0x69, 0x6c, 0x29, 0x29, 0x29, 0x0a, 0x20, 0x20, 0x29, 0x29, 0x0a,
};

static const uint8_t cetta_subzero_language_v1_semantic_1[] = {
    0x3b, 0x20, 0x50, 0x75, 0x62, 0x6c, 0x69, 0x63, 0x20, 0x72, 0x65, 0x73, 0x75, 0x6c, 0x74, 0x2d,
    0x62, 0x61, 0x67, 0x20, 0x6f, 0x62, 0x73, 0x65, 0x72, 0x76, 0x61, 0x74, 0x69, 0x6f, 0x6e, 0x20,
    0x66, 0x6f, 0x72, 0x20, 0x74, 0x68, 0x65, 0x20, 0x66, 0x69, 0x72, 0x73, 0x74, 0x20, 0x53, 0x75,
    0x62, 0x7a, 0x65, 0x72, 0x6f, 0x20, 0x63, 0x61, 0x6e, 0x64, 0x69, 0x64, 0x61, 0x74, 0x65, 0x2e,
    0x0a, 0x3b, 0x0a, 0x3b, 0x20, 0x52, 0x75, 0x6c, 0x65, 0x20, 0x61, 0x6e, 0x64, 0x20, 0x63, 0x6f,
    0x6e, 0x74, 0x65, 0x78, 0x74, 0x20, 0x6f, 0x63, 0x63, 0x75, 0x72, 0x72, 0x65, 0x6e, 0x63, 0x65,
    0x73, 0x20, 0x72, 0x65, 0x6d, 0x61, 0x69, 0x6e, 0x20, 0x70, 0x72, 0x65, 0x73, 0x65, 0x6e, 0x74,
    0x20, 0x74, 0x68, 0x72, 0x6f, 0x75, 0x67, 0x68, 0x20, 0x74, 0x68, 0x69, 0x73, 0x20, 0x72, 0x65,
    0x6c, 0x61, 0x74, 0x69, 0x6f, 0x6e, 0x2c, 0x20, 0x73, 0x6f, 0x20, 0x61, 0x0a, 0x3b, 0x20, 0x73,
    0x65, 0x74, 0x2d, 0x76, 0x61, 0x6c, 0x75, 0x65, 0x64, 0x20, 0x69, 0x6e, 0x74, 0x65, 0x72, 0x6d,
    0x65, 0x64, 0x69, 0x61, 0x74, 0x65, 0x20, 0x65, 0x78, 0x65, 0x63, 0x75, 0x74, 0x6f, 0x72, 0x20,
    0x63, 0x61, 0x6e, 0x6e, 0x6f, 0x74, 0x20, 0x63, 0x6f, 0x6c, 0x6c, 0x61, 0x70, 0x73, 0x65, 0x20,
    0x65, 0x71, 0x75, 0x61, 0x6c, 0x20, 0x72, 0x65, 0x73, 0x75, 0x6c, 0x74, 0x20, 0x70, 0x61, 0x79,
    0x6c, 0x6f, 0x61, 0x64, 0x73, 0x2e, 0x0a, 0x3b, 0x20, 0x54, 0x68, 0x65, 0x20, 0x66, 0x69, 0x6e,
    0x61, 0x6c, 0x20, 0x6f, 0x62, 0x73, 0x65, 0x72, 0x76, 0x61, 0x74, 0x69, 0x6f, 0x6e, 0x20, 0x70,
    0x72, 0x6f, 0x6a, 0x65, 0x63, 0x74, 0x69, 0x6f, 0x6e, 0x20, 0x65, 0x72, 0x61, 0x73, 0x65, 0x73,
    0x20, 0x74, 0x68, 0x65, 0x69, 0x72, 0x20, 0x73, 0x70, 0x65, 0x6c, 0x6c, 0x69, 0x6e, 0x67, 0x73,
    0x20, 0x77, 0x68, 0x69, 0x6c, 0x65, 0x20, 0x72, 0x65, 0x74, 0x61, 0x69, 0x6e, 0x69, 0x6e, 0x67,
    0x20, 0x74, 0x68, 0x65, 0x0a, 0x3b, 0x20, 0x6f, 0x63, 0x63, 0x75, 0x72, 0x72, 0x65, 0x6e, 0x63,
    0x65, 0x20, 0x63, 0x61, 0x72, 0x72, 0x69, 0x65, 0x72, 0x20, 0x61, 0x73, 0x20, 0x61, 0x20, 0x62,
    0x61, 0x67, 0x2e, 0x0a, 0x28, 0x67, 0x73, 0x6c, 0x74, 0x2d, 0x70, 0x72, 0x65, 0x73, 0x65, 0x6e,
    0x74, 0x61, 0x74, 0x69, 0x6f, 0x6e, 0x2d, 0x76, 0x31, 0x20, 0x53, 0x75, 0x62, 0x7a, 0x65, 0x72,
    0x6f, 0x50, 0x75, 0x62, 0x6c, 0x69, 0x63, 0x52, 0x65, 0x73, 0x75, 0x6c, 0x74, 0x42, 0x61, 0x67,
    0x56, 0x31, 0x0a, 0x20, 0x20, 0x28, 0x73, 0x69, 0x67, 0x6e, 0x61, 0x74, 0x75, 0x72, 0x65, 0x0a,
    0x20, 0x20, 0x20, 0x20, 0x28, 0x6f, 0x70, 0x65, 0x72, 0x61, 0x74, 0x6f, 0x72, 0x20, 0x71, 0x2d,
    0x61, 0x70, 0x70, 0x20, 0x32, 0x29, 0x0a, 0x20, 0x20, 0x20, 0x20, 0x28, 0x6f, 0x70, 0x65, 0x72,
    0x61, 0x74, 0x6f, 0x72, 0x20, 0x71, 0x2d, 0x63, 0x6f, 0x6e, 0x73, 0x20, 0x32, 0x29, 0x0a, 0x20,
    0x20, 0x20, 0x20, 0x28, 0x6f, 0x70, 0x65, 0x72, 0x61, 0x74, 0x6f, 0x72, 0x20, 0x71, 0x2d, 0x73,
    0x74, 0x72, 0x20, 0x31, 0x29, 0x0a, 0x20, 0x20, 0x20, 0x20, 0x28, 0x6f, 0x70, 0x65, 0x72, 0x61,
    0x74, 0x6f, 0x72, 0x20, 0x71, 0x2d, 0x73, 0x79, 0x6d, 0x20, 0x31, 0x29, 0x0a, 0x20, 0x20, 0x20,
    0x20, 0x28, 0x6f, 0x70, 0x65, 0x72, 0x61, 0x74, 0x6f, 0x72, 0x20, 0x73, 0x75, 0x62, 0x7a, 0x65,
    0x72, 0x6f, 0x2d, 0x65, 0x76, 0x61, 0x6c, 0x75, 0x61, 0x74, 0x65, 0x20, 0x33, 0x29, 0x0a, 0x20,
    0x20, 0x20, 0x20, 0x28, 0x6f, 0x70, 0x65, 0x72, 0x61, 0x74, 0x6f, 0x72, 0x20, 0x73, 0x75, 0x62,
    0x7a, 0x65, 0x72, 0x6f, 0x2d, 0x70, 0x72, 0x6f, 0x67, 0x72, 0x61, 0x6d, 0x2d, 0x61, 0x74, 0x6f,
    0x6d, 0x20, 0x33, 0x29, 0x0a, 0x20, 0x20, 0x20, 0x20, 0x28, 0x6f, 0x70, 0x65, 0x72, 0x61, 0x74,
    0x6f, 0x72, 0x20, 0x73, 0x75, 0x62, 0x7a, 0x65, 0x72, 0x6f, 0x2d, 0x72, 0x65, 0x73, 0x75, 0x6c,
    0x74, 0x2d, 0x6f, 0x63, 0x63, 0x75, 0x72, 0x72, 0x65, 0x6e, 0x63, 0x65, 0x20, 0x32, 0x29, 0x0a,
    0x20, 0x20, 0x20, 0x20, 0x28, 0x6f, 0x70, 0x65, 0x72, 0x61, 0x74, 0x6f, 0x72, 0x20, 0x73, 0x75,
    0x62, 0x7a, 0x65, 0x72, 0x6f, 0x2d, 0x73, 0x74, 0x65, 0x70, 0x20, 0x34, 0x29, 0x29, 0x0a, 0x20,
    0x20, 0x28, 0x65, 0x71, 0x75, 0x61, 0x74, 0x69, 0x6f, 0x6e, 0x73, 0x29, 0x0a, 0x20, 0x20, 0x28,
    0x72, 0x65, 0x77, 0x72, 0x69, 0x74, 0x65, 0x73, 0x0a, 0x20, 0x20, 0x20, 0x20, 0x28, 0x72, 0x75,
    0x6c, 0x65, 0x20, 0x73, 0x75, 0x62, 0x7a, 0x65, 0x72, 0x6f, 0x2d, 0x65, 0x76, 0x61, 0x6c, 0x75,
    0x61, 0x74, 0x65, 0x2d, 0x72, 0x65, 0x71, 0x75, 0x65, 0x73, 0x74, 0x0a, 0x20, 0x20, 0x20, 0x20,
    0x20, 0x20, 0x28, 0x68, 0x65, 0x61, 0x64, 0x0a, 0x20, 0x20, 0x20, 0x20, 0x20, 0x20, 0x20, 0x20,
    0x28, 0x73, 0x75, 0x62, 0x7a, 0x65, 0x72, 0x6f, 0x2d, 0x65, 0x76, 0x61, 0x6c, 0x75, 0x61, 0x74,
    0x65, 0x0a, 0x20, 0x20, 0x20, 0x20, 0x20, 0x20, 0x20, 0x20, 0x20, 0x20, 0x3f, 0x70, 0x72, 0x6f,
    0x67, 0x72, 0x61, 0x6d, 0x0a, 0x20, 0x20, 0x20, 0x20, 0x20, 0x20, 0x20, 0x20, 0x20, 0x20, 0x28,
    0x73, 0x75, 0x62, 0x7a, 0x65, 0x72, 0x6f, 0x2d, 0x72, 0x65, 0x73, 0x75, 0x6c, 0x74, 0x2d, 0x6f,
    0x63, 0x63, 0x75, 0x72, 0x72, 0x65, 0x6e, 0x63, 0x65, 0x0a, 0x20, 0x20, 0x20, 0x20, 0x20, 0x20,
    0x20, 0x20, 0x20, 0x20, 0x20, 0x20, 0x3f, 0x72, 0x65, 0x71, 0x75, 0x65, 0x73, 0x74, 0x2d, 0x6f,
    0x63, 0x63, 0x75, 0x72, 0x72, 0x65, 0x6e, 0x63, 0x65, 0x20, 0x3f, 0x73, 0x74, 0x65, 0x70, 0x2d,
    0x6f, 0x63, 0x63, 0x75, 0x72, 0x72, 0x65, 0x6e, 0x63, 0x65, 0x29, 0x0a, 0x20, 0x20, 0x20, 0x20,
    0x20, 0x20, 0x20, 0x20, 0x20, 0x20, 0x3f, 0x72, 0x65, 0x73, 0x75, 0x6c, 0x74, 0x29, 0x29, 0x0a,
    0x20, 0x20, 0x20, 0x20, 0x20, 0x20, 0x28, 0x62, 0x6f, 0x64, 0x79, 0x0a, 0x20, 0x20, 0x20, 0x20,
    0x20, 0x20, 0x20, 0x20, 0x28, 0x73, 0x75, 0x62, 0x7a, 0x65, 0x72, 0x6f, 0x2d, 0x70, 0x72, 0x6f,
    0x67, 0x72, 0x61, 0x6d, 0x2d, 0x61, 0x74, 0x6f, 0x6d, 0x0a, 0x20, 0x20, 0x20, 0x20, 0x20, 0x20,
    0x20, 0x20, 0x20, 0x20, 0x3f, 0x70, 0x72, 0x6f, 0x67, 0x72, 0x61, 0x6d, 0x0a, 0x20, 0x20, 0x20,
    0x20, 0x20, 0x20, 0x20, 0x20, 0x20, 0x20, 0x3f, 0x72, 0x65, 0x71, 0x75, 0x65, 0x73, 0x74, 0x2d,
    0x6f, 0x63, 0x63, 0x75, 0x72, 0x72, 0x65, 0x6e, 0x63, 0x65, 0x0a, 0x20, 0x20, 0x20, 0x20, 0x20,
    0x20, 0x20, 0x20, 0x20, 0x20, 0x28, 0x71, 0x2d, 0x61, 0x70, 0x70, 0x0a, 0x20, 0x20, 0x20, 0x20,
    0x20, 0x20, 0x20, 0x20, 0x20, 0x20, 0x20, 0x20, 0x28, 0x71, 0x2d, 0x73, 0x79, 0x6d, 0x20, 0x28,
    0x71, 0x2d, 0x73, 0x74, 0x72, 0x20, 0x22, 0x21, 0x22, 0x29, 0x29, 0x0a, 0x20, 0x20, 0x20, 0x20,
    0x20, 0x20, 0x20, 0x20, 0x20, 0x20, 0x20, 0x20, 0x28, 0x71, 0x2d, 0x63, 0x6f, 0x6e, 0x73, 0x20,
    0x3f, 0x73, 0x75, 0x62, 0x6a, 0x65, 0x63, 0x74, 0x20, 0x71, 0x2d, 0x6e, 0x69, 0x6c, 0x29, 0x29,
    0x29, 0x0a, 0x20, 0x20, 0x20, 0x20, 0x20, 0x20, 0x20, 0x20, 0x28, 0x73, 0x75, 0x62, 0x7a, 0x65,
    0x72, 0x6f, 0x2d, 0x73, 0x74, 0x65, 0x70, 0x0a, 0x20, 0x20, 0x20, 0x20, 0x20, 0x20, 0x20, 0x20,
    0x20, 0x20, 0x3f, 0x70, 0x72, 0x6f, 0x67, 0x72, 0x61, 0x6d, 0x20, 0x3f, 0x73, 0x75, 0x62, 0x6a,
    0x65, 0x63, 0x74, 0x20, 0x3f, 0x73, 0x74, 0x65, 0x70, 0x2d, 0x6f, 0x63, 0x63, 0x75, 0x72, 0x72,
    0x65, 0x6e, 0x63, 0x65, 0x20, 0x3f, 0x72, 0x65, 0x73, 0x75, 0x6c, 0x74, 0x29, 0x29, 0x29, 0x0a,
    0x20, 0x20, 0x29, 0x29, 0x0a,
};

static const uint8_t cetta_subzero_language_v1_compiled_plan_v1[] = {
    0x43, 0x47, 0x50, 0x31, 0x8f, 0x01, 0x00, 0x00, 0x4f, 0x01, 0x00, 0x00, 0x24, 0x00, 0x00, 0x00,
    0x1c, 0x00, 0x00, 0x00, 0x02, 0x00, 0x00, 0x00, 0x00, 0x00, 0x00, 0x00, 0x00, 0x00, 0x00, 0x00,
    0x00, 0x00, 0x00, 0x00, 0x00, 0x00, 0x00, 0x00, 0x00, 0x00, 0x00, 0x00, 0x00, 0x02, 0x00, 0x00,
    0x00, 0x00, 0x00, 0x00, 0x00, 0x00, 0x00, 0x00, 0x00, 0x00, 0x00, 0x00, 0x00, 0x00, 0x01, 0x00,
    0x00, 0x00, 0x00, 0x00, 0x00, 0x00, 0x02, 0x00, 0x00, 0x00, 0x00, 0x00, 0x00, 0x00, 0x00, 0x00,
    0x00, 0x00, 0x00, 0x00, 0x00, 0x00, 0x00, 0x02, 0x00, 0x00, 0x00, 0x00, 0x00, 0x00, 0x00, 0x05,
    0x00, 0x00, 0x00, 0x00, 0x03, 0x00, 0x00, 0x00, 0x00, 0x00, 0x00, 0x00, 0x00, 0x00, 0x00, 0x00,
    0x00, 0x00, 0x00, 0x00, 0x14, 0x00, 0x00, 0x00, 0x73, 0x75, 0x62, 0x7a, 0x65, 0x72, 0x6f, 0x2d,
    0x70, 0x72, 0x6f, 0x67, 0x72, 0x61, 0x6d, 0x2d, 0x63, 0x6f, 0x6e, 0x73, 0x02, 0x00, 0x00, 0x00,
    0x00, 0x00, 0x00, 0x00, 0x00, 0x00, 0x00, 0x00, 0x00, 0x00, 0x00, 0x00, 0x00, 0x00, 0x00, 0x00,
    0x00, 0x00, 0x00, 0x00, 0x00, 0x02, 0x00, 0x00, 0x00, 0x00, 0x00, 0x00, 0x00, 0x00, 0x00, 0x00,
    0x00, 0x00, 0x00, 0x00, 0x00, 0x00, 0x01, 0x00, 0x00, 0x00, 0x00, 0x00, 0x00, 0x00, 0x05, 0x03,
    0x00, 0x00, 0x00, 0x03, 0x00, 0x00, 0x00, 0x00, 0x00, 0x00, 0x00, 0x00, 0x00, 0x00, 0x00, 0x00,
    0x00, 0x00, 0x00, 0x14, 0x00, 0x00, 0x00, 0x73, 0x75, 0x62, 0x7a, 0x65, 0x72, 0x6f, 0x2d, 0x70,
    0x72, 0x6f, 0x67, 0x72, 0x61, 0x6d, 0x2d, 0x61, 0x74, 0x6f, 0x6d, 0x02, 0x00, 0x00, 0x00, 0x00,
    0x00, 0x00, 0x00, 0x00, 0x00, 0x00, 0x00, 0x00, 0x00, 0x00, 0x00, 0x00, 0x00, 0x00, 0x00, 0x00,
    0x00, 0x00, 0x00, 0x00, 0x02, 0x00, 0x00, 0x00, 0x00, 0x00, 0x00, 0x00, 0x00, 0x00, 0x00, 0x00,
    0x00, 0x00, 0x00, 0x00, 0x00, 0x01, 0x00, 0x00, 0x00, 0x00, 0x00, 0x00, 0x00, 0x02, 0x00, 0x00,
    0x00, 0x00, 0x00, 0x00, 0x00, 0x00, 0x00, 0x00, 0x00, 0x00, 0x00, 0x00, 0x00, 0x00, 0x02, 0x00,
    0x00, 0x00, 0x00, 0x00, 0x00, 0x00, 0x05, 0x06, 0x00, 0x00, 0x00, 0x03, 0x00, 0x00, 0x00, 0x00,
    0x00, 0x00, 0x00, 0x00, 0x00, 0x00, 0x00, 0x00, 0x00, 0x00, 0x00, 0x14, 0x00, 0x00, 0x00, 0x73,
    0x75, 0x62, 0x7a, 0x65, 0x72, 0x6f, 0x2d, 0x70, 0x72, 0x6f, 0x67, 0x72, 0x61, 0x6d, 0x2d, 0x63,
    0x6f, 0x6e, 0x73, 0x02, 0x00, 0x00, 0x00, 0x00, 0x00, 0x00, 0x00, 0x00, 0x00, 0x00, 0x00, 0x00,
    0x00, 0x00, 0x00, 0x00, 0x03, 0x00, 0x00, 0x00, 0x00, 0x00, 0x00, 0x00, 0x02, 0x00, 0x00, 0x00,
    0x00, 0x00, 0x00, 0x00, 0x00, 0x00, 0x00, 0x00, 0x00, 0x00, 0x00, 0x00, 0x00, 0x04, 0x00, 0x00,
    0x00, 0x00, 0x00, 0x00, 0x00, 0x05, 0x09, 0x00, 0x00, 0x00, 0x03, 0x00, 0x00, 0x00, 0x00, 0x00,
    0x00, 0x00, 0x00, 0x00, 0x00, 0x00, 0x00, 0x00, 0x00, 0x00, 0x14, 0x00, 0x00, 0x00, 0x73, 0x75,
    0x62, 0x7a, 0x65, 0x72, 0x6f, 0x2d, 0x70, 0x72, 0x6f, 0x67, 0x72, 0x61, 0x6d, 0x2d, 0x61, 0x74,
    0x6f, 0x6d, 0x02, 0x00, 0x00, 0x00, 0x00, 0x00, 0x00, 0x00, 0x00, 0x00, 0x00, 0x00, 0x00, 0x00,
    0x00, 0x00, 0x00, 0x02, 0x00, 0x00, 0x00, 0x00, 0x00, 0x00, 0x00, 0x02, 0x00, 0x00, 0x00, 0x00,
    0x00, 0x00, 0x00, 0x00, 0x00, 0x00, 0x00, 0x00, 0x00, 0x00, 0x00, 0x00, 0x03, 0x00, 0x00, 0x00,
    0x00, 0x00, 0x00, 0x00, 0x02, 0x00, 0x00, 0x00, 0x00, 0x00, 0x00, 0x00, 0x00, 0x00, 0x00, 0x00,
    0x00, 0x00, 0x00, 0x00, 0x00, 0x04, 0x00, 0x00, 0x00, 0x00, 0x00, 0x00, 0x00, 0x05, 0x0c, 0x00,
    0x00, 0x00, 0x03, 0x00, 0x00, 0x00, 0x00, 0x00, 0x00, 0x00, 0x00, 0x00, 0x00, 0x00, 0x00, 0x00,
    0x00, 0x00, 0x14, 0x00, 0x00, 0x00, 0x73, 0x75, 0x62, 0x7a, 0x65, 0x72, 0x6f, 0x2d, 0x70, 0x72,
    0x6f, 0x67, 0x72, 0x61, 0x6d, 0x2d, 0x61, 0x74, 0x6f, 0x6d, 0x02, 0x00, 0x00, 0x00, 0x00, 0x00,
    0x00, 0x00, 0x00, 0x00, 0x00, 0x00, 0x00, 0x00, 0x00, 0x00, 0x00, 0x00, 0x00, 0x00, 0x00, 0x00,
    0x00, 0x00, 0x00, 0x02, 0x00, 0x00, 0x00, 0x00, 0x00, 0x00, 0x00, 0x00, 0x00, 0x00, 0x00, 0x00,
    0x00, 0x00, 0x00, 0x00, 0x01, 0x00, 0x00, 0x00, 0x00, 0x00, 0x00, 0x00, 0x02, 0x00, 0x00, 0x00,
    0x00, 0x00, 0x00, 0x00, 0x00, 0x00, 0x00, 0x00, 0x00, 0x00, 0x00, 0x00, 0x00, 0x02, 0x00, 0x00,
    0x00, 0x00, 0x00, 0x00, 0x00, 0x02, 0x00, 0x00, 0x00, 0x00, 0x00, 0x00, 0x00, 0x00, 0x00, 0x00,
    0x00, 0x00, 0x00, 0x00, 0x00, 0x00, 0x03, 0x00, 0x00, 0x00, 0x00, 0x00, 0x00, 0x00, 0x05, 0x0f,
    0x00, 0x00, 0x00, 0x04, 0x00, 0x00, 0x00, 0x00, 0x00, 0x00, 0x00, 0x00, 0x00, 0x00, 0x00, 0x00,
    0x00, 0x00, 0x00, 0x11, 0x00, 0x00, 0x00, 0x73, 0x75, 0x62, 0x7a, 0x65, 0x72, 0x6f, 0x2d, 0x72,
    0x75, 0x6c, 0x65, 0x2d, 0x76, 0x69, 0x65, 0x77, 0x02, 0x00, 0x00, 0x00, 0x00, 0x00, 0x00, 0x00,
    0x00, 0x00, 0x00, 0x00, 0x00, 0x00, 0x00, 0x00, 0x00, 0x00, 0x00, 0x00, 0x00, 0x00, 0x00, 0x00,
    0x00, 0x02, 0x00, 0x00, 0x00, 0x00, 0x00, 0x00, 0x00, 0x00, 0x00, 0x00, 0x00, 0x00, 0x00, 0x00,
    0x00, 0x00, 0x01, 0x00, 0x00, 0x00, 0x00, 0x00, 0x00, 0x00, 0x03, 0x00, 0x00, 0x00, 0x00, 0x00,
    0x00, 0x00, 0x00, 0x00, 0x00, 0x00, 0x00, 0x00, 0x00, 0x00, 0x00, 0x00, 0x00, 0x00, 0x00, 0x01,
    0x00, 0x00, 0x00, 0x3d, 0x05, 0x13, 0x00, 0x00, 0x00, 0x01, 0x00, 0x00, 0x00, 0x00, 0x00, 0x00,
    0x00, 0x00, 0x00, 0x00, 0x00, 0x00, 0x00, 0x00, 0x00, 0x05, 0x00, 0x00, 0x00, 0x71, 0x2d, 0x73,
    0x74, 0x72, 0x05, 0x14, 0x00, 0x00, 0x00, 0x01, 0x00, 0x00, 0x00, 0x00, 0x00, 0x00, 0x00, 0x00,
    0x00, 0x00, 0x00, 0x00, 0x00, 0x00, 0x00, 0x05, 0x00, 0x00, 0x00, 0x71, 0x2d, 0x73, 0x79, 0x6d,
    0x02, 0x00, 0x00, 0x00, 0x00, 0x00, 0x00, 0x00, 0x00, 0x00, 0x00, 0x00, 0x00, 0x00, 0x00, 0x00,
    0x00, 0x02, 0x00, 0x00, 0x00, 0x00, 0x00, 0x00, 0x00, 0x02, 0x00, 0x00, 0x00, 0x00, 0x00, 0x00,
    0x00, 0x00, 0x00, 0x00, 0x00, 0x00, 0x00, 0x00, 0x00, 0x00, 0x03, 0x00, 0x00, 0x00, 0x00, 0x00,
    0x00, 0x00, 0x01, 0x00, 0x00, 0x00, 0x00, 0x00, 0x00, 0x00, 0x00, 0x00, 0x00, 0x00, 0x00, 0x00,
    0x00, 0x00, 0x00, 0x00, 0x00, 0x00, 0x00, 0x05, 0x00, 0x00, 0x00, 0x71, 0x2d, 0x6e, 0x69, 0x6c,
    0x05, 0x15, 0x00, 0x00, 0x00, 0x02, 0x00, 0x00, 0x00, 0x00, 0x00, 0x00, 0x00, 0x00, 0x00, 0x00,
    0x00, 0x00, 0x00, 0x00, 0x00, 0x06, 0x00, 0x00, 0x00, 0x71, 0x2d, 0x63, 0x6f, 0x6e, 0x73, 0x05,
    0x17, 0x00, 0x00, 0x00, 0x02, 0x00, 0x00, 0x00, 0x00, 0x00, 0x00, 0x00, 0x00, 0x00, 0x00, 0x00,
    0x00, 0x00, 0x00, 0x00, 0x06, 0x00, 0x00, 0x00, 0x71, 0x2d, 0x63, 0x6f, 0x6e, 0x73, 0x05, 0x19,
    0x00, 0x00, 0x00, 0x02, 0x00, 0x00, 0x00, 0x00, 0x00, 0x00, 0x00, 0x00, 0x00, 0x00, 0x00, 0x00,
    0x00, 0x00, 0x00, 0x05, 0x00, 0x00, 0x00, 0x71, 0x2d, 0x61, 0x70, 0x70, 0x05, 0x1b, 0x00, 0x00,
    0x00, 0x03, 0x00, 0x00, 0x00, 0x00, 0x00, 0x00, 0x00, 0x00, 0x00, 0x00, 0x00, 0x00, 0x00, 0x00,
    0x00, 0x14, 0x00, 0x00, 0x00, 0x73, 0x75, 0x62, 0x7a, 0x65, 0x72, 0x6f, 0x2d, 0x70, 0x72, 0x6f,
    0x67, 0x72, 0x61, 0x6d, 0x2d, 0x61, 0x74, 0x6f, 0x6d, 0x01, 0x00, 0x00, 0x00, 0x00, 0x00, 0x00,
    0x00, 0x00, 0x00, 0x00, 0x00, 0x00, 0x00, 0x00, 0x00, 0x00, 0x00, 0x00, 0x00, 0x00, 0x06, 0x00,
    0x00, 0x00, 0x71, 0x2d, 0x7a, 0x65, 0x72, 0x6f, 0x02, 0x00, 0x00, 0x00, 0x00, 0x00, 0x00, 0x00,
    0x00, 0x00, 0x00, 0x00, 0x00, 0x00, 0x00, 0x00, 0x00, 0x00, 0x00, 0x00, 0x00, 0x00, 0x00, 0x00,
    0x00, 0x05, 0x1e, 0x00, 0x00, 0x00, 0x01, 0x00, 0x00, 0x00, 0x00, 0x00, 0x00, 0x00, 0x00, 0x00,
    0x00, 0x00, 0x00, 0x00, 0x00, 0x00, 0x06, 0x00, 0x00, 0x00, 0x71, 0x2d, 0x73, 0x75, 0x63, 0x63,
    0x05, 0x1f, 0x00, 0x00, 0x00, 0x02, 0x00, 0x00, 0x00, 0x00, 0x00, 0x00, 0x00, 0x00, 0x00, 0x00,
    0x00, 0x00, 0x00, 0x00, 0x00, 0x10, 0x00, 0x00, 0x00, 0x73, 0x75, 0x62, 0x7a, 0x65, 0x72, 0x6f,
    0x2d, 0x69, 0x6e, 0x64, 0x65, 0x78, 0x2d, 0x6c, 0x74, 0x02, 0x00, 0x00, 0x00, 0x00, 0x00, 0x00,
    0x00, 0x00, 0x00, 0x00, 0x00, 0x00, 0x00, 0x00, 0x00, 0x00, 0x00, 0x00, 0x00, 0x00, 0x00, 0x00,
    0x00, 0x00, 0x05, 0x21, 0x00, 0x00, 0x00, 0x01, 0x00, 0x00, 0x00, 0x00, 0x00, 0x00, 0x00, 0x00,
    0x00, 0x00, 0x00, 0x00, 0x00, 0x00, 0x00, 0x06, 0x00, 0x00, 0x00, 0x71, 0x2d, 0x73, 0x75, 0x63,
    0x63, 0x02, 0x00, 0x00, 0x00, 0x00, 0x00, 0x00, 0x00, 0x00, 0x00, 0x00, 0x00, 0x00, 0x00, 0x00,
    0x00, 0x00, 0x01, 0x00, 0x00, 0x00, 0x00, 0x00, 0x00, 0x00, 0x05, 0x22, 0x00, 0x00, 0x00, 0x01,
    0x00, 0x00, 0x00, 0x00, 0x00, 0x00, 0x00, 0x00, 0x00, 0x00, 0x00, 0x00, 0x00, 0x00, 0x00, 0x06,
    0x00, 0x00, 0x00, 0x71, 0x2d, 0x73, 0x75, 0x63, 0x63, 0x05, 0x23, 0x00, 0x00, 0x00, 0x02, 0x00,
    0x00, 0x00, 0x00, 0x00, 0x00, 0x00, 0x00, 0x00, 0x00, 0x00, 0x00, 0x00, 0x00, 0x00, 0x10, 0x00,
    0x00, 0x00, 0x73, 0x75, 0x62, 0x7a, 0x65, 0x72, 0x6f, 0x2d, 0x69, 0x6e, 0x64, 0x65, 0x78, 0x2d,
    0x6c, 0x74, 0x02, 0x00, 0x00, 0x00, 0x00, 0x00, 0x00, 0x00, 0x00, 0x00, 0x00, 0x00, 0x00, 0x00,
    0x00, 0x00, 0x00, 0x00, 0x00, 0x00, 0x00, 0x00, 0x00, 0x00, 0x00, 0x02, 0x00, 0x00, 0x00, 0x00,
    0x00, 0x00, 0x00, 0x00, 0x00, 0x00, 0x00, 0x00, 0x00, 0x00, 0x00, 0x00, 0x01, 0x00, 0x00, 0x00,
    0x00, 0x00, 0x00, 0x00, 0x05, 0x25, 0x00, 0x00, 0x00, 0x02, 0x00, 0x00, 0x00, 0x00, 0x00, 0x00,
    0x00, 0x00, 0x00, 0x00, 0x00, 0x00, 0x00, 0x00, 0x00, 0x10, 0x00, 0x00, 0x00, 0x73, 0x75, 0x62,
    0x7a, 0x65, 0x72, 0x6f, 0x2d, 0x69, 0x6e, 0x64, 0x65, 0x78, 0x2d, 0x6c, 0x74, 0x02, 0x00, 0x00,
    0x00, 0x00, 0x00, 0x00, 0x00, 0x00, 0x00, 0x00, 0x00, 0x00, 0x00, 0x00, 0x00, 0x00, 0x00, 0x00,
    0x00, 0x00, 0x00, 0x00, 0x00, 0x00, 0x02, 0x00, 0x00, 0x00, 0x00, 0x00, 0x00, 0x00, 0x00, 0x00,
    0x00, 0x00, 0x00, 0x00, 0x00, 0x00, 0x00, 0x01, 0x00, 0x00, 0x00, 0x00, 0x00, 0x00, 0x00, 0x01,
    0x00, 0x00, 0x00, 0x00, 0x00, 0x00, 0x00, 0x00, 0x00, 0x00, 0x00, 0x00, 0x00, 0x00, 0x00, 0x00,
    0x00, 0x00, 0x00, 0x00, 0x0f, 0x00, 0x00, 0x00, 0x73, 0x75, 0x62, 0x7a, 0x65, 0x72, 0x6f, 0x2d,
    0x65, 0x6e, 0x76, 0x2d, 0x6e, 0x69, 0x6c, 0x02, 0x00, 0x00, 0x00, 0x00, 0x00, 0x00, 0x00, 0x00,
    0x00, 0x00, 0x00, 0x00, 0x00, 0x00, 0x00, 0x00, 0x00, 0x00, 0x00, 0x00, 0x00, 0x00, 0x00, 0x00,
    0x02, 0x00, 0x00, 0x00, 0x00, 0x00, 0x00, 0x00, 0x00, 0x00, 0x00, 0x00, 0x00, 0x00, 0x00, 0x00,
    0x00, 0x01, 0x00, 0x00, 0x00, 0x00, 0x00, 0x00, 0x00, 0x01, 0x00, 0x00, 0x00, 0x00, 0x00, 0x00,
    0x00, 0x00, 0x00, 0x00, 0x00, 0x00, 0x00, 0x00, 0x00, 0x00, 0x00, 0x00, 0x00, 0x00, 0x0f, 0x00,
    0x00, 0x00, 0x73, 0x75, 0x62, 0x7a, 0x65, 0x72, 0x6f, 0x2d, 0x65, 0x6e, 0x76, 0x2d, 0x6e, 0x69,
    0x6c, 0x05, 0x27, 0x00, 0x00, 0x00, 0x03, 0x00, 0x00, 0x00, 0x00, 0x00, 0x00, 0x00, 0x00, 0x00,
    0x00, 0x00, 0x00, 0x00, 0x00, 0x00, 0x10, 0x00, 0x00, 0x00, 0x73, 0x75, 0x62, 0x7a, 0x65, 0x72,
    0x6f, 0x2d, 0x65, 0x6e, 0x76, 0x2d, 0x63, 0x6f, 0x6e, 0x73, 0x05, 0x2a, 0x00, 0x00, 0x00, 0x04,
    0x00, 0x00, 0x00, 0x00, 0x00, 0x00, 0x00, 0x00, 0x00, 0x00, 0x00, 0x00, 0x00, 0x00, 0x00, 0x0c,
    0x00, 0x00, 0x00, 0x73, 0x75, 0x62, 0x7a, 0x65, 0x72, 0x6f, 0x2d, 0x62, 0x69, 0x6e, 0x64, 0x02,
    0x00, 0x00, 0x00, 0x00, 0x00, 0x00, 0x00, 0x00, 0x00, 0x00, 0x00, 0x00, 0x00, 0x00, 0x00, 0x00,
    0x00, 0x00, 0x00, 0x00, 0x00, 0x00, 0x00, 0x00, 0x02, 0x00, 0x00, 0x00, 0x00, 0x00, 0x00, 0x00,
    0x00, 0x00, 0x00, 0x00, 0x00, 0x00, 0x00, 0x00, 0x00, 0x01, 0x00, 0x00, 0x00, 0x00, 0x00, 0x00,
    0x00, 0x02, 0x00, 0x00, 0x00, 0x00, 0x00, 0x00, 0x00, 0x00, 0x00, 0x00, 0x00, 0x00, 0x00, 0x00,
    0x00, 0x00, 0x00, 0x00, 0x00, 0x00, 0x00, 0x00, 0x00, 0x00, 0x02, 0x00, 0x00, 0x00, 0x00, 0x00,
    0x00, 0x00, 0x00, 0x00, 0x00, 0x00, 0x00, 0x00, 0x00, 0x00, 0x00, 0x01, 0x00, 0x00, 0x00, 0x00,
    0x00, 0x00, 0x00, 0x02, 0x00, 0x00, 0x00, 0x00, 0x00, 0x00, 0x00, 0x00, 0x00, 0x00, 0x00, 0x00,
    0x00, 0x00, 0x00, 0x00, 0x02, 0x00, 0x00, 0x00, 0x00, 0x00, 0x00, 0x00, 0x05, 0x2e, 0x00, 0x00,
    0x00, 0x03, 0x00, 0x00, 0x00, 0x00, 0x00, 0x00, 0x00, 0x00, 0x00, 0x00, 0x00, 0x00, 0x00, 0x00,
    0x00, 0x10, 0x00, 0x00, 0x00, 0x73, 0x75, 0x62, 0x7a, 0x65, 0x72, 0x6f, 0x2d, 0x65, 0x6e, 0x76,
    0x2d, 0x63, 0x6f, 0x6e, 0x73, 0x02, 0x00, 0x00, 0x00, 0x00, 0x00, 0x00, 0x00, 0x00, 0x00, 0x00,
    0x00, 0x00, 0x00, 0x00, 0x00, 0x00, 0x00, 0x00, 0x00, 0x00, 0x00, 0x00, 0x00, 0x00, 0x02, 0x00,
    0x00, 0x00, 0x00, 0x00, 0x00, 0x00, 0x00, 0x00, 0x00, 0x00, 0x00, 0x00, 0x00, 0x00, 0x00, 0x01,
    0x00, 0x00, 0x00, 0x00, 0x00, 0x00, 0x00, 0x02, 0x00, 0x00, 0x00, 0x00, 0x00, 0x00, 0x00, 0x00,
    0x00, 0x00, 0x00, 0x00, 0x00, 0x00, 0x00, 0x00, 0x02, 0x00, 0x00, 0x00, 0x00, 0x00, 0x00, 0x00,
    0x05, 0x31, 0x00, 0x00, 0x00, 0x03, 0x00, 0x00, 0x00, 0x00, 0x00, 0x00, 0x00, 0x00, 0x00, 0x00,
    0x00, 0x00, 0x00, 0x00, 0x00, 0x10, 0x00, 0x00, 0x00, 0x73, 0x75, 0x62, 0x7a, 0x65, 0x72, 0x6f,
    0x2d, 0x65, 0x6e, 0x76, 0x2d, 0x63, 0x6f, 0x6e, 0x73, 0x05, 0x34, 0x00, 0x00, 0x00, 0x04, 0x00,
    0x00, 0x00, 0x00, 0x00, 0x00, 0x00, 0x00, 0x00, 0x00, 0x00, 0x00, 0x00, 0x00, 0x00, 0x0c, 0x00,
    0x00, 0x00, 0x73, 0x75, 0x62, 0x7a, 0x65, 0x72, 0x6f, 0x2d, 0x62, 0x69, 0x6e, 0x64, 0x02, 0x00,
    0x00, 0x00, 0x00, 0x00, 0x00, 0x00, 0x00, 0x00, 0x00, 0x00, 0x00, 0x00, 0x00, 0x00, 0x00, 0x00,
    0x00, 0x00, 0x00, 0x00, 0x00, 0x00, 0x00, 0x02, 0x00, 0x00, 0x00, 0x00, 0x00, 0x00, 0x00, 0x00,
    0x00, 0x00, 0x00, 0x00, 0x00, 0x00, 0x00, 0x00, 0x01, 0x00, 0x00, 0x00, 0x00, 0x00, 0x00, 0x00,
    0x02, 0x00, 0x00, 0x00, 0x00, 0x00, 0x00, 0x00, 0x00, 0x00, 0x00, 0x00, 0x00, 0x00, 0x00, 0x00,
    0x00, 0x02, 0x00, 0x00, 0x00, 0x00, 0x00, 0x00, 0x00, 0x02, 0x00, 0x00, 0x00, 0x00, 0x00, 0x00,
    0x00, 0x00, 0x00, 0x00, 0x00, 0x00, 0x00, 0x00, 0x00, 0x00, 0x03, 0x00, 0x00, 0x00, 0x00, 0x00,
    0x00, 0x00, 0x02, 0x00, 0x00, 0x00, 0x00, 0x00, 0x00, 0x00, 0x00, 0x00, 0x00, 0x00, 0x00, 0x00,
    0x00, 0x00, 0x00, 0x04, 0x00, 0x00, 0x00, 0x00, 0x00, 0x00, 0x00, 0x05, 0x38, 0x00, 0x00, 0x00,
    0x03, 0x00, 0x00, 0x00, 0x00, 0x00, 0x00, 0x00, 0x00, 0x00, 0x00, 0x00, 0x00, 0x00, 0x00, 0x00,
    0x10, 0x00, 0x00, 0x00, 0x73, 0x75, 0x62, 0x7a, 0x65, 0x72, 0x6f, 0x2d, 0x65, 0x6e, 0x76, 0x2d,
    0x63, 0x6f, 0x6e, 0x73, 0x02, 0x00, 0x00, 0x00, 0x00, 0x00, 0x00, 0x00, 0x00, 0x00, 0x00, 0x00,
    0x00, 0x00, 0x00, 0x00, 0x00, 0x00, 0x00, 0x00, 0x00, 0x00, 0x00, 0x00, 0x00, 0x02, 0x00, 0x00,
    0x00, 0x00, 0x00, 0x00, 0x00, 0x00, 0x00, 0x00, 0x00, 0x00, 0x00, 0x00, 0x00, 0x00, 0x01, 0x00,
    0x00, 0x00, 0x00, 0x00, 0x00, 0x00, 0x02, 0x00, 0x00, 0x00, 0x00, 0x00, 0x00, 0x00, 0x00, 0x00,
    0x00, 0x00, 0x00, 0x00, 0x00, 0x00, 0x00, 0x02, 0x00, 0x00, 0x00, 0x00, 0x00, 0x00, 0x00, 0x02,
    0x00, 0x00, 0x00, 0x00, 0x00, 0x00, 0x00, 0x00, 0x00, 0x00, 0x00, 0x00, 0x00, 0x00, 0x00, 0x00,
    0x03, 0x00, 0x00, 0x00, 0x00, 0x00, 0x00, 0x00, 0x02, 0x00, 0x00, 0x00, 0x00, 0x00, 0x00, 0x00,
    0x00, 0x00, 0x00, 0x00, 0x00, 0x00, 0x00, 0x00, 0x00, 0x04, 0x00, 0x00, 0x00, 0x00, 0x00, 0x00,
    0x00, 0x05, 0x3b, 0x00, 0x00, 0x00, 0x03, 0x00, 0x00, 0x00, 0x00, 0x00, 0x00, 0x00, 0x00, 0x00,
    0x00, 0x00, 0x00, 0x00, 0x00, 0x00, 0x10, 0x00, 0x00, 0x00, 0x73, 0x75, 0x62, 0x7a, 0x65, 0x72,
    0x6f, 0x2d, 0x65, 0x6e, 0x76, 0x2d, 0x63, 0x6f, 0x6e, 0x73, 0x05, 0x3e, 0x00, 0x00, 0x00, 0x03,
    0x00, 0x00, 0x00, 0x00, 0x00, 0x00, 0x00, 0x00, 0x00, 0x00, 0x00, 0x00, 0x00, 0x00, 0x00, 0x10,
    0x00, 0x00, 0x00, 0x73, 0x75, 0x62, 0x7a, 0x65, 0x72, 0x6f, 0x2d, 0x65, 0x6e, 0x76, 0x2d, 0x63,
    0x6f, 0x6e, 0x73, 0x05, 0x41, 0x00, 0x00, 0x00, 0x04, 0x00, 0x00, 0x00, 0x00, 0x00, 0x00, 0x00,
    0x00, 0x00, 0x00, 0x00, 0x00, 0x00, 0x00, 0x00, 0x0c, 0x00, 0x00, 0x00, 0x73, 0x75, 0x62, 0x7a,
    0x65, 0x72, 0x6f, 0x2d, 0x62, 0x69, 0x6e, 0x64, 0x02, 0x00, 0x00, 0x00, 0x00, 0x00, 0x00, 0x00,
    0x00, 0x00, 0x00, 0x00, 0x00, 0x00, 0x00, 0x00, 0x00, 0x00, 0x00, 0x00, 0x00, 0x00, 0x00, 0x00,
    0x00, 0x02, 0x00, 0x00, 0x00, 0x00, 0x00, 0x00, 0x00, 0x00, 0x00, 0x00, 0x00, 0x00, 0x00, 0x00,
    0x00, 0x00, 0x02, 0x00, 0x00, 0x00, 0x00, 0x00, 0x00, 0x00, 0x05, 0x45, 0x00, 0x00, 0x00, 0x02,
    0x00, 0x00, 0x00, 0x00, 0x00, 0x00, 0x00, 0x00, 0x00, 0x00, 0x00, 0x00, 0x00, 0x00, 0x00, 0x10,
    0x00, 0x00, 0x00, 0x73, 0x75, 0x62, 0x7a, 0x65, 0x72, 0x6f, 0x2d, 0x69, 0x6e, 0x64, 0x65, 0x78,
    0x2d, 0x6c, 0x74, 0x02, 0x00, 0x00, 0x00, 0x00, 0x00, 0x00, 0x00, 0x00, 0x00, 0x00, 0x00, 0x00,
    0x00, 0x00, 0x00, 0x00, 0x00, 0x00, 0x00, 0x00, 0x00, 0x00, 0x00, 0x00, 0x02, 0x00, 0x00, 0x00,
    0x00, 0x00, 0x00, 0x00, 0x00, 0x00, 0x00, 0x00, 0x00, 0x00, 0x00, 0x00, 0x00, 0x01, 0x00, 0x00,
    0x00, 0x00, 0x00, 0x00, 0x00, 0x02, 0x00, 0x00, 0x00, 0x00, 0x00, 0x00, 0x00, 0x00, 0x00, 0x00,
    0x00, 0x00, 0x00, 0x00, 0x00, 0x00, 0x02, 0x00, 0x00, 0x00, 0x00, 0x00, 0x00, 0x00, 0x02, 0x00,
    0x00, 0x00, 0x00, 0x00, 0x00, 0x00, 0x00, 0x00, 0x00, 0x00, 0x00, 0x00, 0x00, 0x00, 0x00, 0x03,
    0x00, 0x00, 0x00, 0x00, 0x00, 0x00, 0x00, 0x02, 0x00, 0x00, 0x00, 0x00, 0x00, 0x00, 0x00, 0x00,
    0x00, 0x00, 0x00, 0x00, 0x00, 0x00, 0x00, 0x00, 0x04, 0x00, 0x00, 0x00, 0x00, 0x00, 0x00, 0x00,
    0x05, 0x47, 0x00, 0x00, 0x00, 0x03, 0x00, 0x00, 0x00, 0x00, 0x00, 0x00, 0x00, 0x00, 0x00, 0x00,
    0x00, 0x00, 0x00, 0x00, 0x00, 0x10, 0x00, 0x00, 0x00, 0x73, 0x75, 0x62, 0x7a, 0x65, 0x72, 0x6f,
    0x2d, 0x65, 0x6e, 0x76, 0x2d, 0x63, 0x6f, 0x6e, 0x73, 0x02, 0x00, 0x00, 0x00, 0x00, 0x00, 0x00,
    0x00, 0x00, 0x00, 0x00, 0x00, 0x00, 0x00, 0x00, 0x00, 0x00, 0x02, 0x00, 0x00, 0x00, 0x00, 0x00,
    0x00, 0x00, 0x02, 0x00, 0x00, 0x00, 0x00, 0x00, 0x00, 0x00, 0x00, 0x00, 0x00, 0x00, 0x00, 0x00,
    0x00, 0x00, 0x00, 0x03, 0x00, 0x00, 0x00, 0x00, 0x00, 0x00, 0x00, 0x02, 0x00, 0x00, 0x00, 0x00,
    0x00, 0x00, 0x00, 0x00, 0x00, 0x00, 0x00, 0x00, 0x00, 0x00, 0x00, 0x00, 0x05, 0x00, 0x00, 0x00,
    0x00, 0x00, 0x00, 0x00, 0x05, 0x4a, 0x00, 0x00, 0x00, 0x03, 0x00, 0x00, 0x00, 0x00, 0x00, 0x00,
    0x00, 0x00, 0x00, 0x00, 0x00, 0x00, 0x00, 0x00, 0x00, 0x10, 0x00, 0x00, 0x00, 0x73, 0x75, 0x62,
    0x7a, 0x65, 0x72, 0x6f, 0x2d, 0x65, 0x6e, 0x76, 0x2d, 0x63, 0x6f, 0x6e, 0x73, 0x05, 0x4d, 0x00,
    0x00, 0x00, 0x04, 0x00, 0x00, 0x00, 0x00, 0x00, 0x00, 0x00, 0x00, 0x00, 0x00, 0x00, 0x00, 0x00,
    0x00, 0x00, 0x0c, 0x00, 0x00, 0x00, 0x73, 0x75, 0x62, 0x7a, 0x65, 0x72, 0x6f, 0x2d, 0x62, 0x69,
    0x6e, 0x64, 0x02, 0x00, 0x00, 0x00, 0x00, 0x00, 0x00, 0x00, 0x00, 0x00, 0x00, 0x00, 0x00, 0x00,
    0x00, 0x00, 0x00, 0x02, 0x00, 0x00, 0x00, 0x00, 0x00, 0x00, 0x00, 0x02, 0x00, 0x00, 0x00, 0x00,
    0x00, 0x00, 0x00, 0x00, 0x00, 0x00, 0x00, 0x00, 0x00, 0x00, 0x00, 0x00, 0x00, 0x00, 0x00, 0x00,
    0x00, 0x00, 0x00, 0x00, 0x05, 0x51, 0x00, 0x00, 0x00, 0x02, 0x00, 0x00, 0x00, 0x00, 0x00, 0x00,
    0x00, 0x00, 0x00, 0x00, 0x00, 0x00, 0x00, 0x00, 0x00, 0x10, 0x00, 0x00, 0x00, 0x73, 0x75, 0x62,
    0x7a, 0x65, 0x72, 0x6f, 0x2d, 0x69, 0x6e, 0x64, 0x65, 0x78, 0x2d, 0x6c, 0x74, 0x02, 0x00, 0x00,
    0x00, 0x00, 0x00, 0x00, 0x00, 0x00, 0x00, 0x00, 0x00, 0x00, 0x00, 0x00, 0x00, 0x00, 0x00, 0x00,
    0x00, 0x00, 0x00, 0x00, 0x00, 0x00, 0x02, 0x00, 0x00, 0x00, 0x00, 0x00, 0x00, 0x00, 0x00, 0x00,
    0x00, 0x00, 0x00, 0x00, 0x00, 0x00, 0x00, 0x01, 0x00, 0x00, 0x00, 0x00, 0x00, 0x00, 0x00, 0x02,
    0x00, 0x00, 0x00, 0x00, 0x00, 0x00, 0x00, 0x00, 0x00, 0x00, 0x00, 0x00, 0x00, 0x00, 0x00, 0x00,
    0x04, 0x00, 0x00, 0x00, 0x00, 0x00, 0x00, 0x00, 0x02, 0x00, 0x00, 0x00, 0x00, 0x00, 0x00, 0x00,
    0x00, 0x00, 0x00, 0x00, 0x00, 0x00, 0x00, 0x00, 0x00, 0x05, 0x00, 0x00, 0x00, 0x00, 0x00, 0x00,
    0x00, 0x05, 0x53, 0x00, 0x00, 0x00, 0x04, 0x00, 0x00, 0x00, 0x00, 0x00, 0x00, 0x00, 0x00, 0x00,
    0x00, 0x00, 0x00, 0x00, 0x00, 0x00, 0x0c, 0x00, 0x00, 0x00, 0x73, 0x75, 0x62, 0x7a, 0x65, 0x72,
    0x6f, 0x2d, 0x62, 0x69, 0x6e, 0x64, 0x02, 0x00, 0x00, 0x00, 0x00, 0x00, 0x00, 0x00, 0x00, 0x00,
    0x00, 0x00, 0x00, 0x00, 0x00, 0x00, 0x00, 0x00, 0x00, 0x00, 0x00, 0x00, 0x00, 0x00, 0x00, 0x02,
    0x00, 0x00, 0x00, 0x00, 0x00, 0x00, 0x00, 0x00, 0x00, 0x00, 0x00, 0x00, 0x00, 0x00, 0x00, 0x00,
    0x00, 0x00, 0x00, 0x00, 0x00, 0x00, 0x00, 0x00, 0x02, 0x00, 0x00, 0x00, 0x00, 0x00, 0x00, 0x00,
    0x00, 0x00, 0x00, 0x00, 0x00, 0x00, 0x00, 0x00, 0x00, 0x01, 0x00, 0x00, 0x00, 0x00, 0x00, 0x00,
    0x00, 0x02, 0x00, 0x00, 0x00, 0x00, 0x00, 0x00, 0x00, 0x00, 0x00, 0x00, 0x00, 0x00, 0x00, 0x00,
    0x00, 0x00, 0x02, 0x00, 0x00, 0x00, 0x00, 0x00, 0x00, 0x00, 0x05, 0x57, 0x00, 0x00, 0x00, 0x03,
    0x00, 0x00, 0x00, 0x00, 0x00, 0x00, 0x00, 0x00, 0x00, 0x00, 0x00, 0x00, 0x00, 0x00, 0x00, 0x10,
    0x00, 0x00, 0x00, 0x73, 0x75, 0x62, 0x7a, 0x65, 0x72, 0x6f, 0x2d, 0x65, 0x6e, 0x76, 0x2d, 0x63,
    0x6f, 0x6e, 0x73, 0x02, 0x00, 0x00, 0x00, 0x00, 0x00, 0x00, 0x00, 0x00, 0x00, 0x00, 0x00, 0x00,
    0x00, 0x00, 0x00, 0x00, 0x01, 0x00, 0x00, 0x00, 0x00, 0x00, 0x00, 0x00, 0x05, 0x5a, 0x00, 0x00,
    0x00, 0x03, 0x00, 0x00, 0x00, 0x00, 0x00, 0x00, 0x00, 0x00, 0x00, 0x00, 0x00, 0x00, 0x00, 0x00,
    0x00, 0x0e, 0x00, 0x00, 0x00, 0x73, 0x75, 0x62, 0x7a, 0x65, 0x72, 0x6f, 0x2d, 0x6c, 0x6f, 0x6f,
    0x6b, 0x75, 0x70, 0x02, 0x00, 0x00, 0x00, 0x00, 0x00, 0x00, 0x00, 0x00, 0x00, 0x00, 0x00, 0x00,
    0x00, 0x00, 0x00, 0x00, 0x00, 0x00, 0x00, 0x00, 0x00, 0x00, 0x00, 0x00, 0x02, 0x00, 0x00, 0x00,
    0x00, 0x00, 0x00, 0x00, 0x00, 0x00, 0x00, 0x00, 0x00, 0x00, 0x00, 0x00, 0x00, 0x01, 0x00, 0x00,
    0x00, 0x00, 0x00, 0x00, 0x00, 0x02, 0x00, 0x00, 0x00, 0x00, 0x00, 0x00, 0x00, 0x00, 0x00, 0x00,
    0x00, 0x00, 0x00, 0x00, 0x00, 0x00, 0x02, 0x00, 0x00, 0x00, 0x00, 0x00, 0x00, 0x00, 0x02, 0x00,
    0x00, 0x00, 0x00, 0x00, 0x00, 0x00, 0x00, 0x00, 0x00, 0x00, 0x00, 0x00, 0x00, 0x00, 0x00, 0x03,
    0x00, 0x00, 0x00, 0x00, 0x00, 0x00, 0x00, 0x05, 0x5d, 0x00, 0x00, 0x00, 0x03, 0x00, 0x00, 0x00,
    0x00, 0x00, 0x00, 0x00, 0x00, 0x00, 0x00, 0x00, 0x00, 0x00, 0x00, 0x00, 0x10, 0x00, 0x00, 0x00,
    0x73, 0x75, 0x62, 0x7a, 0x65, 0x72, 0x6f, 0x2d, 0x65, 0x6e, 0x76, 0x2d, 0x63, 0x6f, 0x6e, 0x73,
    0x02, 0x00, 0x00, 0x00, 0x00, 0x00, 0x00, 0x00, 0x00, 0x00, 0x00, 0x00, 0x00, 0x00, 0x00, 0x00,
    0x00, 0x04, 0x00, 0x00, 0x00, 0x00, 0x00, 0x00, 0x00, 0x05, 0x60, 0x00, 0x00, 0x00, 0x03, 0x00,
    0x00, 0x00, 0x00, 0x00, 0x00, 0x00, 0x00, 0x00, 0x00, 0x00, 0x00, 0x00, 0x00, 0x00, 0x0e, 0x00,
    0x00, 0x00, 0x73, 0x75, 0x62, 0x7a, 0x65, 0x72, 0x6f, 0x2d, 0x6c, 0x6f, 0x6f, 0x6b, 0x75, 0x70,
    0x02, 0x00, 0x00, 0x00, 0x00, 0x00, 0x00, 0x00, 0x00, 0x00, 0x00, 0x00, 0x00, 0x00, 0x00, 0x00,
    0x00, 0x01, 0x00, 0x00, 0x00, 0x00, 0x00, 0x00, 0x00, 0x02, 0x00, 0x00, 0x00, 0x00, 0x00, 0x00,
    0x00, 0x00, 0x00, 0x00, 0x00, 0x00, 0x00, 0x00, 0x00, 0x00, 0x00, 0x00, 0x00, 0x00, 0x00, 0x00,
    0x00, 0x00, 0x05, 0x63, 0x00, 0x00, 0x00, 0x02, 0x00, 0x00, 0x00, 0x00, 0x00, 0x00, 0x00, 0x00,
    0x00, 0x00, 0x00, 0x00, 0x00, 0x00, 0x00, 0x10, 0x00, 0x00, 0x00, 0x73, 0x75, 0x62, 0x7a, 0x65,
    0x72, 0x6f, 0x2d, 0x69, 0x6e, 0x64, 0x65, 0x78, 0x2d, 0x6c, 0x74, 0x02, 0x00, 0x00, 0x00, 0x00,
    0x00, 0x00, 0x00, 0x00, 0x00, 0x00, 0x00, 0x00, 0x00, 0x00, 0x00, 0x00, 0x00, 0x00, 0x00, 0x00,
    0x00, 0x00, 0x00, 0x00, 0x02, 0x00, 0x00, 0x00, 0x00, 0x00, 0x00, 0x00, 0x00, 0x00, 0x00, 0x00,
    0x00, 0x00, 0x00, 0x00, 0x00, 0x03, 0x00, 0x00, 0x00, 0x00, 0x00, 0x00, 0x00, 0x02, 0x00, 0x00,
    0x00, 0x00, 0x00, 0x00, 0x00, 0x00, 0x00, 0x00, 0x00, 0x00, 0x00, 0x00, 0x00, 0x00, 0x04, 0x00,
    0x00, 0x00, 0x00, 0x00, 0x00, 0x00, 0x05, 0x65, 0x00, 0x00, 0x00, 0x03, 0x00, 0x00, 0x00, 0x00,
    0x00, 0x00, 0x00, 0x00, 0x00, 0x00, 0x00, 0x00, 0x00, 0x00, 0x00, 0x0e, 0x00, 0x00, 0x00, 0x73,
    0x75, 0x62, 0x7a, 0x65, 0x72, 0x6f, 0x2d, 0x6c, 0x6f, 0x6f, 0x6b, 0x75, 0x70, 0x02, 0x00, 0x00,
    0x00, 0x00, 0x00, 0x00, 0x00, 0x00, 0x00, 0x00, 0x00, 0x00, 0x00, 0x00, 0x00, 0x00, 0x00, 0x00,
    0x00, 0x00, 0x00, 0x00, 0x00, 0x00, 0x05, 0x68, 0x00, 0x00, 0x00, 0x01, 0x00, 0x00, 0x00, 0x00,
    0x00, 0x00, 0x00, 0x00, 0x00, 0x00, 0x00, 0x00, 0x00, 0x00, 0x00, 0x05, 0x00, 0x00, 0x00, 0x71,
    0x2d, 0x76, 0x61, 0x72, 0x02, 0x00, 0x00, 0x00, 0x00, 0x00, 0x00, 0x00, 0x00, 0x00, 0x00, 0x00,
    0x00, 0x00, 0x00, 0x00, 0x00, 0x01, 0x00, 0x00, 0x00, 0x00, 0x00, 0x00, 0x00, 0x02, 0x00, 0x00,
    0x00, 0x00, 0x00, 0x00, 0x00, 0x00, 0x00, 0x00, 0x00, 0x00, 0x00, 0x00, 0x00, 0x00, 0x02, 0x00,
    0x00, 0x00, 0x00, 0x00, 0x00, 0x00, 0x02, 0x00, 0x00, 0x00, 0x00, 0x00, 0x00, 0x00, 0x00, 0x00,
    0x00, 0x00, 0x00, 0x00, 0x00, 0x00, 0x00, 0x03, 0x00, 0x00, 0x00, 0x00, 0x00, 0x00, 0x00, 0x05,
    0x69, 0x00, 0x00, 0x00, 0x04, 0x00, 0x00, 0x00, 0x00, 0x00, 0x00, 0x00, 0x00, 0x00, 0x00, 0x00,
    0x00, 0x00, 0x00, 0x00, 0x0d, 0x00, 0x00, 0x00, 0x73, 0x75, 0x62, 0x7a, 0x65, 0x72, 0x6f, 0x2d,
    0x6d, 0x61, 0x74, 0x63, 0x68, 0x02, 0x00, 0x00, 0x00, 0x00, 0x00, 0x00, 0x00, 0x00, 0x00, 0x00,
    0x00, 0x00, 0x00, 0x00, 0x00, 0x00, 0x00, 0x00, 0x00, 0x00, 0x00, 0x00, 0x00, 0x00, 0x02, 0x00,
    0x00, 0x00, 0x00, 0x00, 0x00, 0x00, 0x00, 0x00, 0x00, 0x00, 0x00, 0x00, 0x00, 0x00, 0x00, 0x01,
    0x00, 0x00, 0x00, 0x00, 0x00, 0x00, 0x00, 0x02, 0x00, 0x00, 0x00, 0x00, 0x00, 0x00, 0x00, 0x00,
    0x00, 0x00, 0x00, 0x00, 0x00, 0x00, 0x00, 0x00, 0x02, 0x00, 0x00, 0x00, 0x00, 0x00, 0x00, 0x00,
    0x02, 0x00, 0x00, 0x00, 0x00, 0x00, 0x00, 0x00, 0x00, 0x00, 0x00, 0x00, 0x00, 0x00, 0x00, 0x00,
    0x00, 0x03, 0x00, 0x00, 0x00, 0x00, 0x00, 0x00, 0x00, 0x05, 0x6d, 0x00, 0x00, 0x00, 0x04, 0x00,
    0x00, 0x00, 0x00, 0x00, 0x00, 0x00, 0x00, 0x00, 0x00, 0x00, 0x00, 0x00, 0x00, 0x00, 0x0c, 0x00,
    0x00, 0x00, 0x73, 0x75, 0x62, 0x7a, 0x65, 0x72, 0x6f, 0x2d, 0x62, 0x69, 0x6e, 0x64, 0x02, 0x00,
    0x00, 0x00, 0x00, 0x00, 0x00, 0x00, 0x00, 0x00, 0x00, 0x00, 0x00, 0x00, 0x00, 0x00, 0x00, 0x00,
    0x00, 0x00, 0x00, 0x00, 0x00, 0x00, 0x00, 0x05, 0x71, 0x00, 0x00, 0x00, 0x01, 0x00, 0x00, 0x00,
    0x00, 0x00, 0x00, 0x00, 0x00, 0x00, 0x00, 0x00, 0x00, 0x00, 0x00, 0x00, 0x05, 0x00, 0x00, 0x00,
    0x71, 0x2d, 0x73, 0x79, 0x6d, 0x02, 0x00, 0x00, 0x00, 0x00, 0x00, 0x00, 0x00, 0x00, 0x00, 0x00,
    0x00, 0x00, 0x00, 0x00, 0x00, 0x00, 0x00, 0x00, 0x00, 0x00, 0x00, 0x00, 0x00, 0x00, 0x05, 0x72,
    0x00, 0x00, 0x00, 0x01, 0x00, 0x00, 0x00, 0x00, 0x00, 0x00, 0x00, 0x00, 0x00, 0x00, 0x00, 0x00,
    0x00, 0x00, 0x00, 0x05, 0x00, 0x00, 0x00, 0x71, 0x2d, 0x73, 0x79, 0x6d, 0x02, 0x00, 0x00, 0x00,
    0x00, 0x00, 0x00, 0x00, 0x00, 0x00, 0x00, 0x00, 0x00, 0x00, 0x00, 0x00, 0x00, 0x01, 0x00, 0x00,
    0x00, 0x00, 0x00, 0x00, 0x00, 0x02, 0x00, 0x00, 0x00, 0x00, 0x00, 0x00, 0x00, 0x00, 0x00, 0x00,
    0x00, 0x00, 0x00, 0x00, 0x00, 0x00, 0x01, 0x00, 0x00, 0x00, 0x00, 0x00, 0x00, 0x00, 0x05, 0x73,
    0x00, 0x00, 0x00, 0x04, 0x00, 0x00, 0x00, 0x00, 0x00, 0x00, 0x00, 0x00, 0x00, 0x00, 0x00, 0x00,
    0x00, 0x00, 0x00, 0x0d, 0x00, 0x00, 0x00, 0x73, 0x75, 0x62, 0x7a, 0x65, 0x72, 0x6f, 0x2d, 0x6d,
    0x61, 0x74, 0x63, 0x68, 0x02, 0x00, 0x00, 0x00, 0x00, 0x00, 0x00, 0x00, 0x00, 0x00, 0x00, 0x00,
    0x00, 0x00, 0x00, 0x00, 0x00, 0x00, 0x00, 0x00, 0x00, 0x00, 0x00, 0x00, 0x00, 0x05, 0x77, 0x00,
    0x00, 0x00, 0x01, 0x00, 0x00, 0x00, 0x00, 0x00, 0x00, 0x00, 0x00, 0x00, 0x00, 0x00, 0x00, 0x00,
    0x00, 0x00, 0x05, 0x00, 0x00, 0x00, 0x71, 0x2d, 0x69, 0x6e, 0x74, 0x02, 0x00, 0x00, 0x00, 0x00,
    0x00, 0x00, 0x00, 0x00, 0x00, 0x00, 0x00, 0x00, 0x00, 0x00, 0x00, 0x00, 0x00, 0x00, 0x00, 0x00,
    0x00, 0x00, 0x00, 0x00, 0x05, 0x78, 0x00, 0x00, 0x00, 0x01, 0x00, 0x00, 0x00, 0x00, 0x00, 0x00,
    0x00, 0x00, 0x00, 0x00, 0x00, 0x00, 0x00, 0x00, 0x00, 0x05, 0x00, 0x00, 0x00, 0x71, 0x2d, 0x69,
    0x6e, 0x74, 0x02, 0x00, 0x00, 0x00, 0x00, 0x00, 0x00, 0x00, 0x00, 0x00, 0x00, 0x00, 0x00, 0x00,
    0x00, 0x00, 0x00, 0x01, 0x00, 0x00, 0x00, 0x00, 0x00, 0x00, 0x00, 0x02, 0x00, 0x00, 0x00, 0x00,
    0x00, 0x00, 0x00, 0x00, 0x00, 0x00, 0x00, 0x00, 0x00, 0x00, 0x00, 0x00, 0x01, 0x00, 0x00, 0x00,
    0x00, 0x00, 0x00, 0x00, 0x05, 0x79, 0x00, 0x00, 0x00, 0x04, 0x00, 0x00, 0x00, 0x00, 0x00, 0x00,
    0x00, 0x00, 0x00, 0x00, 0x00, 0x00, 0x00, 0x00, 0x00, 0x0d, 0x00, 0x00, 0x00, 0x73, 0x75, 0x62,
    0x7a, 0x65, 0x72, 0x6f, 0x2d, 0x6d, 0x61, 0x74, 0x63, 0x68, 0x02, 0x00, 0x00, 0x00, 0x00, 0x00,
    0x00, 0x00, 0x00, 0x00, 0x00, 0x00, 0x00, 0x00, 0x00, 0x00, 0x00, 0x00, 0x00, 0x00, 0x00, 0x00,
    0x00, 0x00, 0x00, 0x05, 0x7d, 0x00, 0x00, 0x00, 0x01, 0x00, 0x00, 0x00, 0x00, 0x00, 0x00, 0x00,
    0x00, 0x00, 0x00, 0x00, 0x00, 0x00, 0x00, 0x00, 0x05, 0x00, 0x00, 0x00, 0x71, 0x2d, 0x73, 0x74,
    0x72, 0x02, 0x00, 0x00, 0x00, 0x00, 0x00, 0x00, 0x00, 0x00, 0x00, 0x00, 0x00, 0x00, 0x00, 0x00,
    0x00, 0x00, 0x00, 0x00, 0x00, 0x00, 0x00, 0x00, 0x00, 0x00, 0x05, 0x7e, 0x00, 0x00, 0x00, 0x01,
    0x00, 0x00, 0x00, 0x00, 0x00, 0x00, 0x00, 0x00, 0x00, 0x00, 0x00, 0x00, 0x00, 0x00, 0x00, 0x05,
    0x00, 0x00, 0x00, 0x71, 0x2d, 0x73, 0x74, 0x72, 0x02, 0x00, 0x00, 0x00, 0x00, 0x00, 0x00, 0x00,
    0x00, 0x00, 0x00, 0x00, 0x00, 0x00, 0x00, 0x00, 0x00, 0x01, 0x00, 0x00, 0x00, 0x00, 0x00, 0x00,
    0x00, 0x02, 0x00, 0x00, 0x00, 0x00, 0x00, 0x00, 0x00, 0x00, 0x00, 0x00, 0x00, 0x00, 0x00, 0x00,
    0x00, 0x00, 0x01, 0x00, 0x00, 0x00, 0x00, 0x00, 0x00, 0x00, 0x05, 0x7f, 0x00, 0x00, 0x00, 0x04,
    0x00, 0x00, 0x00, 0x00, 0x00, 0x00, 0x00, 0x00, 0x00, 0x00, 0x00, 0x00, 0x00, 0x00, 0x00, 0x0d,
    0x00, 0x00, 0x00, 0x73, 0x75, 0x62, 0x7a, 0x65, 0x72, 0x6f, 0x2d, 0x6d, 0x61, 0x74, 0x63, 0x68,
    0x01, 0x00, 0x00, 0x00, 0x00, 0x00, 0x00, 0x00, 0x00, 0x00, 0x00, 0x00, 0x00, 0x00, 0x00, 0x00,
    0x00, 0x00, 0x00, 0x00, 0x00, 0x07, 0x00, 0x00, 0x00, 0x71, 0x2d, 0x65, 0x6d, 0x70, 0x74, 0x79,
    0x01, 0x00, 0x00, 0x00, 0x00, 0x00, 0x00, 0x00, 0x00, 0x00, 0x00, 0x00, 0x00, 0x00, 0x00, 0x00,
    0x00, 0x00, 0x00, 0x00, 0x00, 0x07, 0x00, 0x00, 0x00, 0x71, 0x2d, 0x65, 0x6d, 0x70, 0x74, 0x79,
    0x02, 0x00, 0x00, 0x00, 0x00, 0x00, 0x00, 0x00, 0x00, 0x00, 0x00, 0x00, 0x00, 0x00, 0x00, 0x00,
    0x00, 0x00, 0x00, 0x00, 0x00, 0x00, 0x00, 0x00, 0x00, 0x02, 0x00, 0x00, 0x00, 0x00, 0x00, 0x00,
    0x00, 0x00, 0x00, 0x00, 0x00, 0x00, 0x00, 0x00, 0x00, 0x00, 0x00, 0x00, 0x00, 0x00, 0x00, 0x00,
    0x00, 0x00, 0x05, 0x83, 0x00, 0x00, 0x00, 0x04, 0x00, 0x00, 0x00, 0x00, 0x00, 0x00, 0x00, 0x00,
    0x00, 0x00, 0x00, 0x00, 0x00, 0x00, 0x00, 0x0d, 0x00, 0x00, 0x00, 0x73, 0x75, 0x62, 0x7a, 0x65,
    0x72, 0x6f, 0x2d, 0x6d, 0x61, 0x74, 0x63, 0x68, 0x02, 0x00, 0x00, 0x00, 0x00, 0x00, 0x00, 0x00,
    0x00, 0x00, 0x00, 0x00, 0x00, 0x00, 0x00, 0x00, 0x00, 0x00, 0x00, 0x00, 0x00, 0x00, 0x00, 0x00,
    0x00, 0x05, 0x87, 0x00, 0x00, 0x00, 0x01, 0x00, 0x00, 0x00, 0x00, 0x00, 0x00, 0x00, 0x00, 0x00,
    0x00, 0x00, 0x00, 0x00, 0x00, 0x00, 0x08, 0x00, 0x00, 0x00, 0x71, 0x2d, 0x67, 0x72, 0x6f, 0x75,
    0x6e, 0x64, 0x02, 0x00, 0x00, 0x00, 0x00, 0x00, 0x00, 0x00, 0x00, 0x00, 0x00, 0x00, 0x00, 0x00,
    0x00, 0x00, 0x00, 0x00, 0x00, 0x00, 0x00, 0x00, 0x00, 0x00, 0x00, 0x05, 0x88, 0x00, 0x00, 0x00,
    0x01, 0x00, 0x00, 0x00, 0x00, 0x00, 0x00, 0x00, 0x00, 0x00, 0x00, 0x00, 0x00, 0x00, 0x00, 0x00,
    0x08, 0x00, 0x00, 0x00, 0x71, 0x2d, 0x67, 0x72, 0x6f, 0x75, 0x6e, 0x64, 0x02, 0x00, 0x00, 0x00,
    0x00, 0x00, 0x00, 0x00, 0x00, 0x00, 0x00, 0x00, 0x00, 0x00, 0x00, 0x00, 0x00, 0x01, 0x00, 0x00,
    0x00, 0x00, 0x00, 0x00, 0x00, 0x02, 0x00, 0x00, 0x00, 0x00, 0x00, 0x00, 0x00, 0x00, 0x00, 0x00,
    0x00, 0x00, 0x00, 0x00, 0x00, 0x00, 0x01, 0x00, 0x00, 0x00, 0x00, 0x00, 0x00, 0x00, 0x05, 0x89,
    0x00, 0x00, 0x00, 0x04, 0x00, 0x00, 0x00, 0x00, 0x00, 0x00, 0x00, 0x00, 0x00, 0x00, 0x00, 0x00,
    0x00, 0x00, 0x00, 0x0d, 0x00, 0x00, 0x00, 0x73, 0x75, 0x62, 0x7a, 0x65, 0x72, 0x6f, 0x2d, 0x6d,
    0x61, 0x74, 0x63, 0x68, 0x02, 0x00, 0x00, 0x00, 0x00, 0x00, 0x00, 0x00, 0x00, 0x00, 0x00, 0x00,
    0x00, 0x00, 0x00, 0x00, 0x00, 0x00, 0x00, 0x00, 0x00, 0x00, 0x00, 0x00, 0x00, 0x02, 0x00, 0x00,
    0x00, 0x00, 0x00, 0x00, 0x00, 0x00, 0x00, 0x00, 0x00, 0x00, 0x00, 0x00, 0x00, 0x00, 0x01, 0x00,
    0x00, 0x00, 0x00, 0x00, 0x00, 0x00, 0x05, 0x8d, 0x00, 0x00, 0x00, 0x02, 0x00, 0x00, 0x00, 0x00,
    0x00, 0x00, 0x00, 0x00, 0x00, 0x00, 0x00, 0x00, 0x00, 0x00, 0x00, 0x05, 0x00, 0x00, 0x00, 0x71,
    0x2d, 0x61, 0x70, 0x70, 0x02, 0x00, 0x00, 0x00, 0x00, 0x00, 0x00, 0x00, 0x00, 0x00, 0x00, 0x00,
    0x00, 0x00, 0x00, 0x00, 0x00, 0x02, 0x00, 0x00, 0x00, 0x00, 0x00, 0x00, 0x00, 0x02, 0x00, 0x00,
    0x00, 0x00, 0x00, 0x00, 0x00, 0x00, 0x00, 0x00, 0x00, 0x00, 0x00, 0x00, 0x00, 0x00, 0x03, 0x00,
    0x00, 0x00, 0x00, 0x00, 0x00, 0x00, 0x05, 0x8f, 0x00, 0x00, 0x00, 0x02, 0x00, 0x00, 0x00, 0x00,
    0x00, 0x00, 0x00, 0x00, 0x00, 0x00, 0x00, 0x00, 0x00, 0x00, 0x00, 0x05, 0x00, 0x00, 0x00, 0x71,
    0x2d, 0x61, 0x70, 0x70, 0x02, 0x00, 0x00, 0x00, 0x00, 0x00, 0x00, 0x00, 0x00, 0x00, 0x00, 0x00,
    0x00, 0x00, 0x00, 0x00, 0x00, 0x04, 0x00, 0x00, 0x00, 0x00, 0x00, 0x00, 0x00, 0x02, 0x00, 0x00,
    0x00, 0x00, 0x00, 0x00, 0x00, 0x00, 0x00, 0x00, 0x00, 0x00, 0x00, 0x00, 0x00, 0x00, 0x05, 0x00,
    0x00, 0x00, 0x00, 0x00, 0x00, 0x00, 0x05, 0x91, 0x00, 0x00, 0x00, 0x04, 0x00, 0x00, 0x00, 0x00,
    0x00, 0x00, 0x00, 0x00, 0x00, 0x00, 0x00, 0x00, 0x00, 0x00, 0x00, 0x0d, 0x00, 0x00, 0x00, 0x73,
    0x75, 0x62, 0x7a, 0x65, 0x72, 0x6f, 0x2d, 0x6d, 0x61, 0x74, 0x63, 0x68, 0x02, 0x00, 0x00, 0x00,
    0x00, 0x00, 0x00, 0x00, 0x00, 0x00, 0x00, 0x00, 0x00, 0x00, 0x00, 0x00, 0x00, 0x00, 0x00, 0x00,
    0x00, 0x00, 0x00, 0x00, 0x00, 0x02, 0x00, 0x00, 0x00, 0x00, 0x00, 0x00, 0x00, 0x00, 0x00, 0x00,
    0x00, 0x00, 0x00, 0x00, 0x00, 0x00, 0x02, 0x00, 0x00, 0x00, 0x00, 0x00, 0x00, 0x00, 0x02, 0x00,
    0x00, 0x00, 0x00, 0x00, 0x00, 0x00, 0x00, 0x00, 0x00, 0x00, 0x00, 0x00, 0x00, 0x00, 0x00, 0x04,
    0x00, 0x00, 0x00, 0x00, 0x00, 0x00, 0x00, 0x02, 0x00, 0x00, 0x00, 0x00, 0x00, 0x00, 0x00, 0x00,
    0x00, 0x00, 0x00, 0x00, 0x00, 0x00, 0x00, 0x00, 0x06, 0x00, 0x00, 0x00, 0x00, 0x00, 0x00, 0x00,
    0x05, 0x95, 0x00, 0x00, 0x00, 0x04, 0x00, 0x00, 0x00, 0x00, 0x00, 0x00, 0x00, 0x00, 0x00, 0x00,
    0x00, 0x00, 0x00, 0x00, 0x00, 0x0d, 0x00, 0x00, 0x00, 0x73, 0x75, 0x62, 0x7a, 0x65, 0x72, 0x6f,
    0x2d, 0x6d, 0x61, 0x74, 0x63, 0x68, 0x02, 0x00, 0x00, 0x00, 0x00, 0x00, 0x00, 0x00, 0x00, 0x00,
    0x00, 0x00, 0x00, 0x00, 0x00, 0x00, 0x00, 0x01, 0x00, 0x00, 0x00, 0x00, 0x00, 0x00, 0x00, 0x02,
    0x00, 0x00, 0x00, 0x00, 0x00, 0x00, 0x00, 0x00, 0x00, 0x00, 0x00, 0x00, 0x00, 0x00, 0x00, 0x00,
    0x03, 0x00, 0x00, 0x00, 0x00, 0x00, 0x00, 0x00, 0x02, 0x00, 0x00, 0x00, 0x00, 0x00, 0x00, 0x00,
    0x00, 0x00, 0x00, 0x00, 0x00, 0x00, 0x00, 0x00, 0x00, 0x06, 0x00, 0x00, 0x00, 0x00, 0x00, 0x00,
    0x00, 0x02, 0x00, 0x00, 0x00, 0x00, 0x00, 0x00, 0x00, 0x00, 0x00, 0x00, 0x00, 0x00, 0x00, 0x00,
    0x00, 0x00, 0x05, 0x00, 0x00, 0x00, 0x00, 0x00, 0x00, 0x00, 0x05, 0x99, 0x00, 0x00, 0x00, 0x04,
    0x00, 0x00, 0x00, 0x00, 0x00, 0x00, 0x00, 0x00, 0x00, 0x00, 0x00, 0x00, 0x00, 0x00, 0x00, 0x12,
    0x00, 0x00, 0x00, 0x73, 0x75, 0x62, 0x7a, 0x65, 0x72, 0x6f, 0x2d, 0x6d, 0x61, 0x74, 0x63, 0x68,
    0x2d, 0x6c, 0x69, 0x73, 0x74, 0x01, 0x00, 0x00, 0x00, 0x00, 0x00, 0x00, 0x00, 0x00, 0x00, 0x00,
    0x00, 0x00, 0x00, 0x00, 0x00, 0x00, 0x00, 0x00, 0x00, 0x00, 0x05, 0x00, 0x00, 0x00, 0x71, 0x2d,
    0x6e, 0x69, 0x6c, 0x01, 0x00, 0x00, 0x00, 0x00, 0x00, 0x00, 0x00, 0x00, 0x00, 0x00, 0x00, 0x00,
    0x00, 0x00, 0x00, 0x00, 0x00, 0x00, 0x00, 0x00, 0x05, 0x00, 0x00, 0x00, 0x71, 0x2d, 0x6e, 0x69,
    0x6c, 0x02, 0x00, 0x00, 0x00, 0x00, 0x00, 0x00, 0x00, 0x00, 0x00, 0x00, 0x00, 0x00, 0x00, 0x00,
    0x00, 0x00, 0x00, 0x00, 0x00, 0x00, 0x00, 0x00, 0x00, 0x00, 0x02, 0x00, 0x00, 0x00, 0x00, 0x00,
    0x00, 0x00, 0x00, 0x00, 0x00, 0x00, 0x00, 0x00, 0x00, 0x00, 0x00, 0x00, 0x00, 0x00, 0x00, 0x00,
    0x00, 0x00, 0x00, 0x05, 0x9d, 0x00, 0x00, 0x00, 0x04, 0x00, 0x00, 0x00, 0x00, 0x00, 0x00, 0x00,
    0x00, 0x00, 0x00, 0x00, 0x00, 0x00, 0x00, 0x00, 0x12, 0x00, 0x00, 0x00, 0x73, 0x75, 0x62, 0x7a,
    0x65, 0x72, 0x6f, 0x2d, 0x6d, 0x61, 0x74, 0x63, 0x68, 0x2d, 0x6c, 0x69, 0x73, 0x74, 0x02, 0x00,
    0x00, 0x00, 0x00, 0x00, 0x00, 0x00, 0x00, 0x00, 0x00, 0x00, 0x00, 0x00, 0x00, 0x00, 0x00, 0x00,
    0x00, 0x00, 0x00, 0x00, 0x00, 0x00, 0x00, 0x02, 0x00, 0x00, 0x00, 0x00, 0x00, 0x00, 0x00, 0x00,
    0x00, 0x00, 0x00, 0x00, 0x00, 0x00, 0x00, 0x00, 0x01, 0x00, 0x00, 0x00, 0x00, 0x00, 0x00, 0x00,
    0x05, 0xa1, 0x00, 0x00, 0x00, 0x02, 0x00, 0x00, 0x00, 0x00, 0x00, 0x00, 0x00, 0x00, 0x00, 0x00,
    0x00, 0x00, 0x00, 0x00, 0x00, 0x06, 0x00, 0x00, 0x00, 0x71, 0x2d, 0x63, 0x6f, 0x6e, 0x73, 0x02,
    0x00, 0x00, 0x00, 0x00, 0x00, 0x00, 0x00, 0x00, 0x00, 0x00, 0x00, 0x00, 0x00, 0x00, 0x00, 0x00,
    0x02, 0x00, 0x00, 0x00, 0x00, 0x00, 0x00, 0x00, 0x02, 0x00, 0x00, 0x00, 0x00, 0x00, 0x00, 0x00,
    0x00, 0x00, 0x00, 0x00, 0x00, 0x00, 0x00, 0x00, 0x00, 0x03, 0x00, 0x00, 0x00, 0x00, 0x00, 0x00,
    0x00, 0x05, 0xa3, 0x00, 0x00, 0x00, 0x02, 0x00, 0x00, 0x00, 0x00, 0x00, 0x00, 0x00, 0x00, 0x00,
    0x00, 0x00, 0x00, 0x00, 0x00, 0x00, 0x06, 0x00, 0x00, 0x00, 0x71, 0x2d, 0x63, 0x6f, 0x6e, 0x73,
    0x02, 0x00, 0x00, 0x00, 0x00, 0x00, 0x00, 0x00, 0x00, 0x00, 0x00, 0x00, 0x00, 0x00, 0x00, 0x00,
    0x00, 0x04, 0x00, 0x00, 0x00, 0x00, 0x00, 0x00, 0x00, 0x02, 0x00, 0x00, 0x00, 0x00, 0x00, 0x00,
    0x00, 0x00, 0x00, 0x00, 0x00, 0x00, 0x00, 0x00, 0x00, 0x00, 0x05, 0x00, 0x00, 0x00, 0x00, 0x00,
    0x00, 0x00, 0x05, 0xa5, 0x00, 0x00, 0x00, 0x04, 0x00, 0x00, 0x00, 0x00, 0x00, 0x00, 0x00, 0x00,
    0x00, 0x00, 0x00, 0x00, 0x00, 0x00, 0x00, 0x12, 0x00, 0x00, 0x00, 0x73, 0x75, 0x62, 0x7a, 0x65,
    0x72, 0x6f, 0x2d, 0x6d, 0x61, 0x74, 0x63, 0x68, 0x2d, 0x6c, 0x69, 0x73, 0x74, 0x02, 0x00, 0x00,
    0x00, 0x00, 0x00, 0x00, 0x00, 0x00, 0x00, 0x00, 0x00, 0x00, 0x00, 0x00, 0x00, 0x00, 0x00, 0x00,
    0x00, 0x00, 0x00, 0x00, 0x00, 0x00, 0x02, 0x00, 0x00, 0x00, 0x00, 0x00, 0x00, 0x00, 0x00, 0x00,
    0x00, 0x00, 0x00, 0x00, 0x00, 0x00, 0x00, 0x02, 0x00, 0x00, 0x00, 0x00, 0x00, 0x00, 0x00, 0x02,
    0x00, 0x00, 0x00, 0x00, 0x00, 0x00, 0x00, 0x00, 0x00, 0x00, 0x00, 0x00, 0x00, 0x00, 0x00, 0x00,
    0x04, 0x00, 0x00, 0x00, 0x00, 0x00, 0x00, 0x00, 0x02, 0x00, 0x00, 0x00, 0x00, 0x00, 0x00, 0x00,
    0x00, 0x00, 0x00, 0x00, 0x00, 0x00, 0x00, 0x00, 0x00, 0x06, 0x00, 0x00, 0x00, 0x00, 0x00, 0x00,
    0x00, 0x05, 0xa9, 0x00, 0x00, 0x00, 0x04, 0x00, 0x00, 0x00, 0x00, 0x00, 0x00, 0x00, 0x00, 0x00,
    0x00, 0x00, 0x00, 0x00, 0x00, 0x00, 0x0d, 0x00, 0x00, 0x00, 0x73, 0x75, 0x62, 0x7a, 0x65, 0x72,
    0x6f, 0x2d, 0x6d, 0x61, 0x74, 0x63, 0x68, 0x02, 0x00, 0x00, 0x00, 0x00, 0x00, 0x00, 0x00, 0x00,
    0x00, 0x00, 0x00, 0x00, 0x00, 0x00, 0x00, 0x00, 0x01, 0x00, 0x00, 0x00, 0x00, 0x00, 0x00, 0x00,
    0x02, 0x00, 0x00, 0x00, 0x00, 0x00, 0x00, 0x00, 0x00, 0x00, 0x00, 0x00, 0x00, 0x00, 0x00, 0x00,
    0x00, 0x03, 0x00, 0x00, 0x00, 0x00, 0x00, 0x00, 0x00, 0x02, 0x00, 0x00, 0x00, 0x00, 0x00, 0x00,
    0x00, 0x00, 0x00, 0x00, 0x00, 0x00, 0x00, 0x00, 0x00, 0x00, 0x06, 0x00, 0x00, 0x00, 0x00, 0x00,
    0x00, 0x00, 0x02, 0x00, 0x00, 0x00, 0x00, 0x00, 0x00, 0x00, 0x00, 0x00, 0x00, 0x00, 0x00, 0x00,
    0x00, 0x00, 0x00, 0x05, 0x00, 0x00, 0x00, 0x00, 0x00, 0x00, 0x00, 0x05, 0xad, 0x00, 0x00, 0x00,
    0x04, 0x00, 0x00, 0x00, 0x00, 0x00, 0x00, 0x00, 0x00, 0x00, 0x00, 0x00, 0x00, 0x00, 0x00, 0x00,
    0x12, 0x00, 0x00, 0x00, 0x73, 0x75, 0x62, 0x7a, 0x65, 0x72, 0x6f, 0x2d, 0x6d, 0x61, 0x74, 0x63,
    0x68, 0x2d, 0x6c, 0x69, 0x73, 0x74, 0x02, 0x00, 0x00, 0x00, 0x00, 0x00, 0x00, 0x00, 0x00, 0x00,
    0x00, 0x00, 0x00, 0x00, 0x00, 0x00, 0x00, 0x00, 0x00, 0x00, 0x00, 0x00, 0x00, 0x00, 0x00, 0x05,
    0xb1, 0x00, 0x00, 0x00, 0x01, 0x00, 0x00, 0x00, 0x00, 0x00, 0x00, 0x00, 0x00, 0x00, 0x00, 0x00,
    0x00, 0x00, 0x00, 0x00, 0x05, 0x00, 0x00, 0x00, 0x71, 0x2d, 0x76, 0x61, 0x72, 0x02, 0x00, 0x00,
    0x00, 0x00, 0x00, 0x00, 0x00, 0x00, 0x00, 0x00, 0x00, 0x00, 0x00, 0x00, 0x00, 0x00, 0x01, 0x00,
    0x00, 0x00, 0x00, 0x00, 0x00, 0x00, 0x02, 0x00, 0x00, 0x00, 0x00, 0x00, 0x00, 0x00, 0x00, 0x00,
    0x00, 0x00, 0x00, 0x00, 0x00, 0x00, 0x00, 0x02, 0x00, 0x00, 0x00, 0x00, 0x00, 0x00, 0x00, 0x05,
    0xb2, 0x00, 0x00, 0x00, 0x03, 0x00, 0x00, 0x00, 0x00, 0x00, 0x00, 0x00, 0x00, 0x00, 0x00, 0x00,
    0x00, 0x00, 0x00, 0x00, 0x12, 0x00, 0x00, 0x00, 0x73, 0x75, 0x62, 0x7a, 0x65, 0x72, 0x6f, 0x2d,
    0x73, 0x75, 0x62, 0x73, 0x74, 0x69, 0x74, 0x75, 0x74, 0x65, 0x02, 0x00, 0x00, 0x00, 0x00, 0x00,
    0x00, 0x00, 0x00, 0x00, 0x00, 0x00, 0x00, 0x00, 0x00, 0x00, 0x00, 0x00, 0x00, 0x00, 0x00, 0x00,
    0x00, 0x00, 0x00, 0x02, 0x00, 0x00, 0x00, 0x00, 0x00, 0x00, 0x00, 0x00, 0x00, 0x00, 0x00, 0x00,
    0x00, 0x00, 0x00, 0x00, 0x01, 0x00, 0x00, 0x00, 0x00, 0x00, 0x00, 0x00, 0x02, 0x00, 0x00, 0x00,
    0x00, 0x00, 0x00, 0x00, 0x00, 0x00, 0x00, 0x00, 0x00, 0x00, 0x00, 0x00, 0x00, 0x02, 0x00, 0x00,
    0x00, 0x00, 0x00, 0x00, 0x00, 0x05, 0xb5, 0x00, 0x00, 0x00, 0x03, 0x00, 0x00, 0x00, 0x00, 0x00,
    0x00, 0x00, 0x00, 0x00, 0x00, 0x00, 0x00, 0x00, 0x00, 0x00, 0x0e, 0x00, 0x00, 0x00, 0x73, 0x75,
    0x62, 0x7a, 0x65, 0x72, 0x6f, 0x2d, 0x6c, 0x6f, 0x6f, 0x6b, 0x75, 0x70, 0x02, 0x00, 0x00, 0x00,
    0x00, 0x00, 0x00, 0x00, 0x00, 0x00, 0x00, 0x00, 0x00, 0x00, 0x00, 0x00, 0x00, 0x00, 0x00, 0x00,
    0x00, 0x00, 0x00, 0x00, 0x00, 0x05, 0xb8, 0x00, 0x00, 0x00, 0x01, 0x00, 0x00, 0x00, 0x00, 0x00,
    0x00, 0x00, 0x00, 0x00, 0x00, 0x00, 0x00, 0x00, 0x00, 0x00, 0x05, 0x00, 0x00, 0x00, 0x71, 0x2d,
    0x73, 0x79, 0x6d, 0x02, 0x00, 0x00, 0x00, 0x00, 0x00, 0x00, 0x00, 0x00, 0x00, 0x00, 0x00, 0x00,
    0x00, 0x00, 0x00, 0x00, 0x01, 0x00, 0x00, 0x00, 0x00, 0x00, 0x00, 0x00, 0x02, 0x00, 0x00, 0x00,
    0x00, 0x00, 0x00, 0x00, 0x00, 0x00, 0x00, 0x00, 0x00, 0x00, 0x00, 0x00, 0x00, 0x00, 0x00, 0x00,
    0x00, 0x00, 0x00, 0x00, 0x00, 0x05, 0xb9, 0x00, 0x00, 0x00, 0x01, 0x00, 0x00, 0x00, 0x00, 0x00,
    0x00, 0x00, 0x00, 0x00, 0x00, 0x00, 0x00, 0x00, 0x00, 0x00, 0x05, 0x00, 0x00, 0x00, 0x71, 0x2d,
    0x73, 0x79, 0x6d, 0x05, 0xba, 0x00, 0x00, 0x00, 0x03, 0x00, 0x00, 0x00, 0x00, 0x00, 0x00, 0x00,
    0x00, 0x00, 0x00, 0x00, 0x00, 0x00, 0x00, 0x00, 0x12, 0x00, 0x00, 0x00, 0x73, 0x75, 0x62, 0x7a,
    0x65, 0x72, 0x6f, 0x2d, 0x73, 0x75, 0x62, 0x73, 0x74, 0x69, 0x74, 0x75, 0x74, 0x65, 0x02, 0x00,
    0x00, 0x00, 0x00, 0x00, 0x00, 0x00, 0x00, 0x00, 0x00, 0x00, 0x00, 0x00, 0x00, 0x00, 0x00, 0x00,
    0x00, 0x00, 0x00, 0x00, 0x00, 0x00, 0x00, 0x05, 0xbd, 0x00, 0x00, 0x00, 0x01, 0x00, 0x00, 0x00,
    0x00, 0x00, 0x00, 0x00, 0x00, 0x00, 0x00, 0x00, 0x00, 0x00, 0x00, 0x00, 0x05, 0x00, 0x00, 0x00,
    0x71, 0x2d, 0x69, 0x6e, 0x74, 0x02, 0x00, 0x00, 0x00, 0x00, 0x00, 0x00, 0x00, 0x00, 0x00, 0x00,
    0x00, 0x00, 0x00, 0x00, 0x00, 0x00, 0x01, 0x00, 0x00, 0x00, 0x00, 0x00, 0x00, 0x00, 0x02, 0x00,
    0x00, 0x00, 0x00, 0x00, 0x00, 0x00, 0x00, 0x00, 0x00, 0x00, 0x00, 0x00, 0x00, 0x00, 0x00, 0x00,
    0x00, 0x00, 0x00, 0x00, 0x00, 0x00, 0x00, 0x05, 0xbe, 0x00, 0x00, 0x00, 0x01, 0x00, 0x00, 0x00,
    0x00, 0x00, 0x00, 0x00, 0x00, 0x00, 0x00, 0x00, 0x00, 0x00, 0x00, 0x00, 0x05, 0x00, 0x00, 0x00,
    0x71, 0x2d, 0x69, 0x6e, 0x74, 0x05, 0xbf, 0x00, 0x00, 0x00, 0x03, 0x00, 0x00, 0x00, 0x00, 0x00,
    0x00, 0x00, 0x00, 0x00, 0x00, 0x00, 0x00, 0x00, 0x00, 0x00, 0x12, 0x00, 0x00, 0x00, 0x73, 0x75,
    0x62, 0x7a, 0x65, 0x72, 0x6f, 0x2d, 0x73, 0x75, 0x62, 0x73, 0x74, 0x69, 0x74, 0x75, 0x74, 0x65,
    0x02, 0x00, 0x00, 0x00, 0x00, 0x00, 0x00, 0x00, 0x00, 0x00, 0x00, 0x00, 0x00, 0x00, 0x00, 0x00,
    0x00, 0x00, 0x00, 0x00, 0x00, 0x00, 0x00, 0x00, 0x00, 0x05, 0xc2, 0x00, 0x00, 0x00, 0x01, 0x00,
    0x00, 0x00, 0x00, 0x00, 0x00, 0x00, 0x00, 0x00, 0x00, 0x00, 0x00, 0x00, 0x00, 0x00, 0x05, 0x00,
    0x00, 0x00, 0x71, 0x2d, 0x73, 0x74, 0x72, 0x02, 0x00, 0x00, 0x00, 0x00, 0x00, 0x00, 0x00, 0x00,
    0x00, 0x00, 0x00, 0x00, 0x00, 0x00, 0x00, 0x00, 0x01, 0x00, 0x00, 0x00, 0x00, 0x00, 0x00, 0x00,
    0x02, 0x00, 0x00, 0x00, 0x00, 0x00, 0x00, 0x00, 0x00, 0x00, 0x00, 0x00, 0x00, 0x00, 0x00, 0x00,
    0x00, 0x00, 0x00, 0x00, 0x00, 0x00, 0x00, 0x00, 0x00, 0x05, 0xc3, 0x00, 0x00, 0x00, 0x01, 0x00,
    0x00, 0x00, 0x00, 0x00, 0x00, 0x00, 0x00, 0x00, 0x00, 0x00, 0x00, 0x00, 0x00, 0x00, 0x05, 0x00,
    0x00, 0x00, 0x71, 0x2d, 0x73, 0x74, 0x72, 0x05, 0xc4, 0x00, 0x00, 0x00, 0x03, 0x00, 0x00, 0x00,
    0x00, 0x00, 0x00, 0x00, 0x00, 0x00, 0x00, 0x00, 0x00, 0x00, 0x00, 0x00, 0x12, 0x00, 0x00, 0x00,
    0x73, 0x75, 0x62, 0x7a, 0x65, 0x72, 0x6f, 0x2d, 0x73, 0x75, 0x62, 0x73, 0x74, 0x69, 0x74, 0x75,
    0x74, 0x65, 0x01, 0x00, 0x00, 0x00, 0x00, 0x00, 0x00, 0x00, 0x00, 0x00, 0x00, 0x00, 0x00, 0x00,
    0x00, 0x00, 0x00, 0x00, 0x00, 0x00, 0x00, 0x07, 0x00, 0x00, 0x00, 0x71, 0x2d, 0x65, 0x6d, 0x70,
    0x74, 0x79, 0x02, 0x00, 0x00, 0x00, 0x00, 0x00, 0x00, 0x00, 0x00, 0x00, 0x00, 0x00, 0x00, 0x00,
    0x00, 0x00, 0x00, 0x00, 0x00, 0x00, 0x00, 0x00, 0x00, 0x00, 0x00, 0x01, 0x00, 0x00, 0x00, 0x00,
    0x00, 0x00, 0x00, 0x00, 0x00, 0x00, 0x00, 0x00, 0x00, 0x00, 0x00, 0x00, 0x00, 0x00, 0x00, 0x00,
    0x07, 0x00, 0x00, 0x00, 0x71, 0x2d, 0x65, 0x6d, 0x70, 0x74, 0x79, 0x05, 0xc7, 0x00, 0x00, 0x00,
    0x03, 0x00, 0x00, 0x00, 0x00, 0x00, 0x00, 0x00, 0x00, 0x00, 0x00, 0x00, 0x00, 0x00, 0x00, 0x00,
    0x12, 0x00, 0x00, 0x00, 0x73, 0x75, 0x62, 0x7a, 0x65, 0x72, 0x6f, 0x2d, 0x73, 0x75, 0x62, 0x73,
    0x74, 0x69, 0x74, 0x75, 0x74, 0x65, 0x02, 0x00, 0x00, 0x00, 0x00, 0x00, 0x00, 0x00, 0x00, 0x00,
    0x00, 0x00, 0x00, 0x00, 0x00, 0x00, 0x00, 0x00, 0x00, 0x00, 0x00, 0x00, 0x00, 0x00, 0x00, 0x05,
    0xca, 0x00, 0x00, 0x00, 0x01, 0x00, 0x00, 0x00, 0x00, 0x00, 0x00, 0x00, 0x00, 0x00, 0x00, 0x00,
    0x00, 0x00, 0x00, 0x00, 0x08, 0x00, 0x00, 0x00, 0x71, 0x2d, 0x67, 0x72, 0x6f, 0x75, 0x6e, 0x64,
    0x02, 0x00, 0x00, 0x00, 0x00, 0x00, 0x00, 0x00, 0x00, 0x00, 0x00, 0x00, 0x00, 0x00, 0x00, 0x00,
    0x00, 0x01, 0x00, 0x00, 0x00, 0x00, 0x00, 0x00, 0x00, 0x02, 0x00, 0x00, 0x00, 0x00, 0x00, 0x00,
    0x00, 0x00, 0x00, 0x00, 0x00, 0x00, 0x00, 0x00, 0x00, 0x00, 0x00, 0x00, 0x00, 0x00, 0x00, 0x00,
    0x00, 0x00, 0x05, 0xcb, 0x00, 0x00, 0x00, 0x01, 0x00, 0x00, 0x00, 0x00, 0x00, 0x00, 0x00, 0x00,
    0x00, 0x00, 0x00, 0x00, 0x00, 0x00, 0x00, 0x08, 0x00, 0x00, 0x00, 0x71, 0x2d, 0x67, 0x72, 0x6f,
    0x75, 0x6e, 0x64, 0x05, 0xcc, 0x00, 0x00, 0x00, 0x03, 0x00, 0x00, 0x00, 0x00, 0x00, 0x00, 0x00,
    0x00, 0x00, 0x00, 0x00, 0x00, 0x00, 0x00, 0x00, 0x12, 0x00, 0x00, 0x00, 0x73, 0x75, 0x62, 0x7a,
    0x65, 0x72, 0x6f, 0x2d, 0x73, 0x75, 0x62, 0x73, 0x74, 0x69, 0x74, 0x75, 0x74, 0x65, 0x02, 0x00,
    0x00, 0x00, 0x00, 0x00, 0x00, 0x00, 0x00, 0x00, 0x00, 0x00, 0x00, 0x00, 0x00, 0x00, 0x00, 0x00,
    0x00, 0x00, 0x00, 0x00, 0x00, 0x00, 0x00, 0x02, 0x00, 0x00, 0x00, 0x00, 0x00, 0x00, 0x00, 0x00,
    0x00, 0x00, 0x00, 0x00, 0x00, 0x00, 0x00, 0x00, 0x01, 0x00, 0x00, 0x00, 0x00, 0x00, 0x00, 0x00,
    0x05, 0xcf, 0x00, 0x00, 0x00, 0x02, 0x00, 0x00, 0x00, 0x00, 0x00, 0x00, 0x00, 0x00, 0x00, 0x00,
    0x00, 0x00, 0x00, 0x00, 0x00, 0x05, 0x00, 0x00, 0x00, 0x71, 0x2d, 0x61, 0x70, 0x70, 0x02, 0x00,
    0x00, 0x00, 0x00, 0x00, 0x00, 0x00, 0x00, 0x00, 0x00, 0x00, 0x00, 0x00, 0x00, 0x00, 0x00, 0x02,
    0x00, 0x00, 0x00, 0x00, 0x00, 0x00, 0x00, 0x02, 0x00, 0x00, 0x00, 0x00, 0x00, 0x00, 0x00, 0x00,
    0x00, 0x00, 0x00, 0x00, 0x00, 0x00, 0x00, 0x00, 0x03, 0x00, 0x00, 0x00, 0x00, 0x00, 0x00, 0x00,
    0x02, 0x00, 0x00, 0x00, 0x00, 0x00, 0x00, 0x00, 0x00, 0x00, 0x00, 0x00, 0x00, 0x00, 0x00, 0x00,
    0x00, 0x04, 0x00, 0x00, 0x00, 0x00, 0x00, 0x00, 0x00, 0x05, 0xd1, 0x00, 0x00, 0x00, 0x02, 0x00,
    0x00, 0x00, 0x00, 0x00, 0x00, 0x00, 0x00, 0x00, 0x00, 0x00, 0x00, 0x00, 0x00, 0x00, 0x05, 0x00,
    0x00, 0x00, 0x71, 0x2d, 0x61, 0x70, 0x70, 0x05, 0xd3, 0x00, 0x00, 0x00, 0x03, 0x00, 0x00, 0x00,
    0x00, 0x00, 0x00, 0x00, 0x00, 0x00, 0x00, 0x00, 0x00, 0x00, 0x00, 0x00, 0x12, 0x00, 0x00, 0x00,
    0x73, 0x75, 0x62, 0x7a, 0x65, 0x72, 0x6f, 0x2d, 0x73, 0x75, 0x62, 0x73, 0x74, 0x69, 0x74, 0x75,
    0x74, 0x65, 0x02, 0x00, 0x00, 0x00, 0x00, 0x00, 0x00, 0x00, 0x00, 0x00, 0x00, 0x00, 0x00, 0x00,
    0x00, 0x00, 0x00, 0x00, 0x00, 0x00, 0x00, 0x00, 0x00, 0x00, 0x00, 0x02, 0x00, 0x00, 0x00, 0x00,
    0x00, 0x00, 0x00, 0x00, 0x00, 0x00, 0x00, 0x00, 0x00, 0x00, 0x00, 0x00, 0x02, 0x00, 0x00, 0x00,
    0x00, 0x00, 0x00, 0x00, 0x02, 0x00, 0x00, 0x00, 0x00, 0x00, 0x00, 0x00, 0x00, 0x00, 0x00, 0x00,
    0x00, 0x00, 0x00, 0x00, 0x00, 0x03, 0x00, 0x00, 0x00, 0x00, 0x00, 0x00, 0x00, 0x05, 0xd6, 0x00,
    0x00, 0x00, 0x03, 0x00, 0x00, 0x00, 0x00, 0x00, 0x00, 0x00, 0x00, 0x00, 0x00, 0x00, 0x00, 0x00,
    0x00, 0x00, 0x12, 0x00, 0x00, 0x00, 0x73, 0x75, 0x62, 0x7a, 0x65, 0x72, 0x6f, 0x2d, 0x73, 0x75,
    0x62, 0x73, 0x74, 0x69, 0x74, 0x75, 0x74, 0x65, 0x02, 0x00, 0x00, 0x00, 0x00, 0x00, 0x00, 0x00,
    0x00, 0x00, 0x00, 0x00, 0x00, 0x00, 0x00, 0x00, 0x00, 0x01, 0x00, 0x00, 0x00, 0x00, 0x00, 0x00,
    0x00, 0x02, 0x00, 0x00, 0x00, 0x00, 0x00, 0x00, 0x00, 0x00, 0x00, 0x00, 0x00, 0x00, 0x00, 0x00,
    0x00, 0x00, 0x02, 0x00, 0x00, 0x00, 0x00, 0x00, 0x00, 0x00, 0x02, 0x00, 0x00, 0x00, 0x00, 0x00,
    0x00, 0x00, 0x00, 0x00, 0x00, 0x00, 0x00, 0x00, 0x00, 0x00, 0x00, 0x04, 0x00, 0x00, 0x00, 0x00,
    0x00, 0x00, 0x00, 0x05, 0xd9, 0x00, 0x00, 0x00, 0x03, 0x00, 0x00, 0x00, 0x00, 0x00, 0x00, 0x00,
    0x00, 0x00, 0x00, 0x00, 0x00, 0x00, 0x00, 0x00, 0x17, 0x00, 0x00, 0x00, 0x73, 0x75, 0x62, 0x7a,
    0x65, 0x72, 0x6f, 0x2d, 0x73, 0x75, 0x62, 0x73, 0x74, 0x69, 0x74, 0x75, 0x74, 0x65, 0x2d, 0x6c,
    0x69, 0x73, 0x74, 0x01, 0x00, 0x00, 0x00, 0x00, 0x00, 0x00, 0x00, 0x00, 0x00, 0x00, 0x00, 0x00,
    0x00, 0x00, 0x00, 0x00, 0x00, 0x00, 0x00, 0x00, 0x05, 0x00, 0x00, 0x00, 0x71, 0x2d, 0x6e, 0x69,
    0x6c, 0x02, 0x00, 0x00, 0x00, 0x00, 0x00, 0x00, 0x00, 0x00, 0x00, 0x00, 0x00, 0x00, 0x00, 0x00,
    0x00, 0x00, 0x00, 0x00, 0x00, 0x00, 0x00, 0x00, 0x00, 0x00, 0x01, 0x00, 0x00, 0x00, 0x00, 0x00,
    0x00, 0x00, 0x00, 0x00, 0x00, 0x00, 0x00, 0x00, 0x00, 0x00, 0x00, 0x00, 0x00, 0x00, 0x00, 0x05,
    0x00, 0x00, 0x00, 0x71, 0x2d, 0x6e, 0x69, 0x6c, 0x05, 0xdc, 0x00, 0x00, 0x00, 0x03, 0x00, 0x00,
    0x00, 0x00, 0x00, 0x00, 0x00, 0x00, 0x00, 0x00, 0x00, 0x00, 0x00, 0x00, 0x00, 0x17, 0x00, 0x00,
    0x00, 0x73, 0x75, 0x62, 0x7a, 0x65, 0x72, 0x6f, 0x2d, 0x73, 0x75, 0x62, 0x73, 0x74, 0x69, 0x74,
    0x75, 0x74, 0x65, 0x2d, 0x6c, 0x69, 0x73, 0x74, 0x02, 0x00, 0x00, 0x00, 0x00, 0x00, 0x00, 0x00,
    0x00, 0x00, 0x00, 0x00, 0x00, 0x00, 0x00, 0x00, 0x00, 0x00, 0x00, 0x00, 0x00, 0x00, 0x00, 0x00,
    0x00, 0x02, 0x00, 0x00, 0x00, 0x00, 0x00, 0x00, 0x00, 0x00, 0x00, 0x00, 0x00, 0x00, 0x00, 0x00,
    0x00, 0x00, 0x01, 0x00, 0x00, 0x00, 0x00, 0x00, 0x00, 0x00, 0x05, 0xdf, 0x00, 0x00, 0x00, 0x02,
    0x00, 0x00, 0x00, 0x00, 0x00, 0x00, 0x00, 0x00, 0x00, 0x00, 0x00, 0x00, 0x00, 0x00, 0x00, 0x06,
    0x00, 0x00, 0x00, 0x71, 0x2d, 0x63, 0x6f, 0x6e, 0x73, 0x02, 0x00, 0x00, 0x00, 0x00, 0x00, 0x00,
    0x00, 0x00, 0x00, 0x00, 0x00, 0x00, 0x00, 0x00, 0x00, 0x00, 0x02, 0x00, 0x00, 0x00, 0x00, 0x00,
    0x00, 0x00, 0x02, 0x00, 0x00, 0x00, 0x00, 0x00, 0x00, 0x00, 0x00, 0x00, 0x00, 0x00, 0x00, 0x00,
    0x00, 0x00, 0x00, 0x03, 0x00, 0x00, 0x00, 0x00, 0x00, 0x00, 0x00, 0x02, 0x00, 0x00, 0x00, 0x00,
    0x00, 0x00, 0x00, 0x00, 0x00, 0x00, 0x00, 0x00, 0x00, 0x00, 0x00, 0x00, 0x04, 0x00, 0x00, 0x00,
    0x00, 0x00, 0x00, 0x00, 0x05, 0xe1, 0x00, 0x00, 0x00, 0x02, 0x00, 0x00, 0x00, 0x00, 0x00, 0x00,
    0x00, 0x00, 0x00, 0x00, 0x00, 0x00, 0x00, 0x00, 0x00, 0x06, 0x00, 0x00, 0x00, 0x71, 0x2d, 0x63,
    0x6f, 0x6e, 0x73, 0x05, 0xe3, 0x00, 0x00, 0x00, 0x03, 0x00, 0x00, 0x00, 0x00, 0x00, 0x00, 0x00,
    0x00, 0x00, 0x00, 0x00, 0x00, 0x00, 0x00, 0x00, 0x17, 0x00, 0x00, 0x00, 0x73, 0x75, 0x62, 0x7a,
    0x65, 0x72, 0x6f, 0x2d, 0x73, 0x75, 0x62, 0x73, 0x74, 0x69, 0x74, 0x75, 0x74, 0x65, 0x2d, 0x6c,
    0x69, 0x73, 0x74, 0x02, 0x00, 0x00, 0x00, 0x00, 0x00, 0x00, 0x00, 0x00, 0x00, 0x00, 0x00, 0x00,
    0x00, 0x00, 0x00, 0x00, 0x00, 0x00, 0x00, 0x00, 0x00, 0x00, 0x00, 0x00, 0x02, 0x00, 0x00, 0x00,
    0x00, 0x00, 0x00, 0x00, 0x00, 0x00, 0x00, 0x00, 0x00, 0x00, 0x00, 0x00, 0x00, 0x02, 0x00, 0x00,
    0x00, 0x00, 0x00, 0x00, 0x00, 0x02, 0x00, 0x00, 0x00, 0x00, 0x00, 0x00, 0x00, 0x00, 0x00, 0x00,
    0x00, 0x00, 0x00, 0x00, 0x00, 0x00, 0x03, 0x00, 0x00, 0x00, 0x00, 0x00, 0x00, 0x00, 0x05, 0xe6,
    0x00, 0x00, 0x00, 0x03, 0x00, 0x00, 0x00, 0x00, 0x00, 0x00, 0x00, 0x00, 0x00, 0x00, 0x00, 0x00,
    0x00, 0x00, 0x00, 0x12, 0x00, 0x00, 0x00, 0x73, 0x75, 0x62, 0x7a, 0x65, 0x72, 0x6f, 0x2d, 0x73,
    0x75, 0x62, 0x73, 0x74, 0x69, 0x74, 0x75, 0x74, 0x65, 0x02, 0x00, 0x00, 0x00, 0x00, 0x00, 0x00,
    0x00, 0x00, 0x00, 0x00, 0x00, 0x00, 0x00, 0x00, 0x00, 0x00, 0x01, 0x00, 0x00, 0x00, 0x00, 0x00,
    0x00, 0x00, 0x02, 0x00, 0x00, 0x00, 0x00, 0x00, 0x00, 0x00, 0x00, 0x00, 0x00, 0x00, 0x00, 0x00,
    0x00, 0x00, 0x00, 0x02, 0x00, 0x00, 0x00, 0x00, 0x00, 0x00, 0x00, 0x02, 0x00, 0x00, 0x00, 0x00,
    0x00, 0x00, 0x00, 0x00, 0x00, 0x00, 0x00, 0x00, 0x00, 0x00, 0x00, 0x00, 0x04, 0x00, 0x00, 0x00,
    0x00, 0x00, 0x00, 0x00, 0x05, 0xe9, 0x00, 0x00, 0x00, 0x03, 0x00, 0x00, 0x00, 0x00, 0x00, 0x00,
    0x00, 0x00, 0x00, 0x00, 0x00, 0x00, 0x00, 0x00, 0x00, 0x17, 0x00, 0x00, 0x00, 0x73, 0x75, 0x62,
    0x7a, 0x65, 0x72, 0x6f, 0x2d, 0x73, 0x75, 0x62, 0x73, 0x74, 0x69, 0x74, 0x75, 0x74, 0x65, 0x2d,
    0x6c, 0x69, 0x73, 0x74, 0x02, 0x00, 0x00, 0x00, 0x00, 0x00, 0x00, 0x00, 0x00, 0x00, 0x00, 0x00,
    0x00, 0x00, 0x00, 0x00, 0x00, 0x00, 0x00, 0x00, 0x00, 0x00, 0x00, 0x00, 0x00, 0x02, 0x00, 0x00,
    0x00, 0x00, 0x00, 0x00, 0x00, 0x00, 0x00, 0x00, 0x00, 0x00, 0x00, 0x00, 0x00, 0x00, 0x01, 0x00,
    0x00, 0x00, 0x00, 0x00, 0x00, 0x00, 0x02, 0x00, 0x00, 0x00, 0x00, 0x00, 0x00, 0x00, 0x00, 0x00,
    0x00, 0x00, 0x00, 0x00, 0x00, 0x00, 0x00, 0x02, 0x00, 0x00, 0x00, 0x00, 0x00, 0x00, 0x00, 0x02,
    0x00, 0x00, 0x00, 0x00, 0x00, 0x00, 0x00, 0x00, 0x00, 0x00, 0x00, 0x00, 0x00, 0x00, 0x00, 0x00,
    0x03, 0x00, 0x00, 0x00, 0x00, 0x00, 0x00, 0x00, 0x05, 0xec, 0x00, 0x00, 0x00, 0x02, 0x00, 0x00,
    0x00, 0x00, 0x00, 0x00, 0x00, 0x00, 0x00, 0x00, 0x00, 0x00, 0x00, 0x00, 0x00, 0x0f, 0x00, 0x00,
    0x00, 0x73, 0x75, 0x62, 0x7a, 0x65, 0x72, 0x6f, 0x2d, 0x61, 0x74, 0x2d, 0x72, 0x6f, 0x6f, 0x74,
    0x02, 0x00, 0x00, 0x00, 0x00, 0x00, 0x00, 0x00, 0x00, 0x00, 0x00, 0x00, 0x00, 0x00, 0x00, 0x00,
    0x00, 0x04, 0x00, 0x00, 0x00, 0x00, 0x00, 0x00, 0x00, 0x05, 0xee, 0x00, 0x00, 0x00, 0x04, 0x00,
    0x00, 0x00, 0x00, 0x00, 0x00, 0x00, 0x00, 0x00, 0x00, 0x00, 0x00, 0x00, 0x00, 0x00, 0x11, 0x00,
    0x00, 0x00, 0x73, 0x75, 0x62, 0x7a, 0x65, 0x72, 0x6f, 0x2d, 0x72, 0x6f, 0x6f, 0x74, 0x2d, 0x73,
    0x74, 0x65, 0x70, 0x02, 0x00, 0x00, 0x00, 0x00, 0x00, 0x00, 0x00, 0x00, 0x00, 0x00, 0x00, 0x00,
    0x00, 0x00, 0x00, 0x00, 0x00, 0x00, 0x00, 0x00, 0x00, 0x00, 0x00, 0x00, 0x02, 0x00, 0x00, 0x00,
    0x00, 0x00, 0x00, 0x00, 0x00, 0x00, 0x00, 0x00, 0x00, 0x00, 0x00, 0x00, 0x00, 0x02, 0x00, 0x00,
    0x00, 0x00, 0x00, 0x00, 0x00, 0x02, 0x00, 0x00, 0x00, 0x00, 0x00, 0x00, 0x00, 0x00, 0x00, 0x00,
    0x00, 0x00, 0x00, 0x00, 0x00, 0x00, 0x05, 0x00, 0x00, 0x00, 0x00, 0x00, 0x00, 0x00, 0x02, 0x00,
    0x00, 0x00, 0x00, 0x00, 0x00, 0x00, 0x00, 0x00, 0x00, 0x00, 0x00, 0x00, 0x00, 0x00, 0x00, 0x06,
    0x00, 0x00, 0x00, 0x00, 0x00, 0x00, 0x00, 0x05, 0xf2, 0x00, 0x00, 0x00, 0x04, 0x00, 0x00, 0x00,
    0x00, 0x00, 0x00, 0x00, 0x00, 0x00, 0x00, 0x00, 0x00, 0x00, 0x00, 0x00, 0x11, 0x00, 0x00, 0x00,
    0x73, 0x75, 0x62, 0x7a, 0x65, 0x72, 0x6f, 0x2d, 0x72, 0x75, 0x6c, 0x65, 0x2d, 0x76, 0x69, 0x65,
    0x77, 0x02, 0x00, 0x00, 0x00, 0x00, 0x00, 0x00, 0x00, 0x00, 0x00, 0x00, 0x00, 0x00, 0x00, 0x00,
    0x00, 0x00, 0x05, 0x00, 0x00, 0x00, 0x00, 0x00, 0x00, 0x00, 0x02, 0x00, 0x00, 0x00, 0x00, 0x00,
    0x00, 0x00, 0x00, 0x00, 0x00, 0x00, 0x00, 0x00, 0x00, 0x00, 0x00, 0x01, 0x00, 0x00, 0x00, 0x00,
    0x00, 0x00, 0x00, 0x01, 0x00, 0x00, 0x00, 0x00, 0x00, 0x00, 0x00, 0x00, 0x00, 0x00, 0x00, 0x00,
    0x00, 0x00, 0x00, 0x00, 0x00, 0x00, 0x00, 0x00, 0x0f, 0x00, 0x00, 0x00, 0x73, 0x75, 0x62, 0x7a,
    0x65, 0x72, 0x6f, 0x2d, 0x65, 0x6e, 0x76, 0x2d, 0x6e, 0x69, 0x6c, 0x02, 0x00, 0x00, 0x00, 0x00,
    0x00, 0x00, 0x00, 0x00, 0x00, 0x00, 0x00, 0x00, 0x00, 0x00, 0x00, 0x00, 0x03, 0x00, 0x00, 0x00,
    0x00, 0x00, 0x00, 0x00, 0x05, 0xf6, 0x00, 0x00, 0x00, 0x04, 0x00, 0x00, 0x00, 0x00, 0x00, 0x00,
    0x00, 0x00, 0x00, 0x00, 0x00, 0x00, 0x00, 0x00, 0x00, 0x0d, 0x00, 0x00, 0x00, 0x73, 0x75, 0x62,
    0x7a, 0x65, 0x72, 0x6f, 0x2d, 0x6d, 0x61, 0x74, 0x63, 0x68, 0x02, 0x00, 0x00, 0x00, 0x00, 0x00,
    0x00, 0x00, 0x00, 0x00, 0x00, 0x00, 0x00, 0x00, 0x00, 0x00, 0x00, 0x06, 0x00, 0x00, 0x00, 0x00,
    0x00, 0x00, 0x00, 0x02, 0x00, 0x00, 0x00, 0x00, 0x00, 0x00, 0x00, 0x00, 0x00, 0x00, 0x00, 0x00,
    0x00, 0x00, 0x00, 0x00, 0x03, 0x00, 0x00, 0x00, 0x00, 0x00, 0x00, 0x00, 0x02, 0x00, 0x00, 0x00,
    0x00, 0x00, 0x00, 0x00, 0x00, 0x00, 0x00, 0x00, 0x00, 0x00, 0x00, 0x00, 0x00, 0x04, 0x00, 0x00,
    0x00, 0x00, 0x00, 0x00, 0x00, 0x05, 0xfa, 0x00, 0x00, 0x00, 0x03, 0x00, 0x00, 0x00, 0x00, 0x00,
    0x00, 0x00, 0x00, 0x00, 0x00, 0x00, 0x00, 0x00, 0x00, 0x00, 0x12, 0x00, 0x00, 0x00, 0x73, 0x75,
    0x62, 0x7a, 0x65, 0x72, 0x6f, 0x2d, 0x73, 0x75, 0x62, 0x73, 0x74, 0x69, 0x74, 0x75, 0x74, 0x65,
    0x02, 0x00, 0x00, 0x00, 0x00, 0x00, 0x00, 0x00, 0x00, 0x00, 0x00, 0x00, 0x00, 0x00, 0x00, 0x00,
    0x00, 0x00, 0x00, 0x00, 0x00, 0x00, 0x00, 0x00, 0x00, 0x02, 0x00, 0x00, 0x00, 0x00, 0x00, 0x00,
    0x00, 0x00, 0x00, 0x00, 0x00, 0x00, 0x00, 0x00, 0x00, 0x00, 0x01, 0x00, 0x00, 0x00, 0x00, 0x00,
    0x00, 0x00, 0x02, 0x00, 0x00, 0x00, 0x00, 0x00, 0x00, 0x00, 0x00, 0x00, 0x00, 0x00, 0x00, 0x00,
    0x00, 0x00, 0x00, 0x02, 0x00, 0x00, 0x00, 0x00, 0x00, 0x00, 0x00, 0x02, 0x00, 0x00, 0x00, 0x00,
    0x00, 0x00, 0x00, 0x00, 0x00, 0x00, 0x00, 0x00, 0x00, 0x00, 0x00, 0x00, 0x03, 0x00, 0x00, 0x00,
    0x00, 0x00, 0x00, 0x00, 0x05, 0xfd, 0x00, 0x00, 0x00, 0x04, 0x00, 0x00, 0x00, 0x00, 0x00, 0x00,
    0x00, 0x00, 0x00, 0x00, 0x00, 0x00, 0x00, 0x00, 0x00, 0x0c, 0x00, 0x00, 0x00, 0x73, 0x75, 0x62,
    0x7a, 0x65, 0x72, 0x6f, 0x2d, 0x73, 0x74, 0x65, 0x70, 0x02, 0x00, 0x00, 0x00, 0x00, 0x00, 0x00,
    0x00, 0x00, 0x00, 0x00, 0x00, 0x00, 0x00, 0x00, 0x00, 0x00, 0x00, 0x00, 0x00, 0x00, 0x00, 0x00,
    0x00, 0x00, 0x02, 0x00, 0x00, 0x00, 0x00, 0x00, 0x00, 0x00, 0x00, 0x00, 0x00, 0x00, 0x00, 0x00,
    0x00, 0x00, 0x00, 0x01, 0x00, 0x00, 0x00, 0x00, 0x00, 0x00, 0x00, 0x02, 0x00, 0x00, 0x00, 0x00,
    0x00, 0x00, 0x00, 0x00, 0x00, 0x00, 0x00, 0x00, 0x00, 0x00, 0x00, 0x00, 0x02, 0x00, 0x00, 0x00,
    0x00, 0x00, 0x00, 0x00, 0x02, 0x00, 0x00, 0x00, 0x00, 0x00, 0x00, 0x00, 0x00, 0x00, 0x00, 0x00,
    0x00, 0x00, 0x00, 0x00, 0x00, 0x03, 0x00, 0x00, 0x00, 0x00, 0x00, 0x00, 0x00, 0x05, 0x01, 0x01,
    0x00, 0x00, 0x04, 0x00, 0x00, 0x00, 0x00, 0x00, 0x00, 0x00, 0x00, 0x00, 0x00, 0x00, 0x00, 0x00,
    0x00, 0x00, 0x11, 0x00, 0x00, 0x00, 0x73, 0x75, 0x62, 0x7a, 0x65, 0x72, 0x6f, 0x2d, 0x72, 0x6f,
    0x6f, 0x74, 0x2d, 0x73, 0x74, 0x65, 0x70, 0x02, 0x00, 0x00, 0x00, 0x00, 0x00, 0x00, 0x00, 0x00,
    0x00, 0x00, 0x00, 0x00, 0x00, 0x00, 0x00, 0x00, 0x00, 0x00, 0x00, 0x00, 0x00, 0x00, 0x00, 0x00,
    0x02, 0x00, 0x00, 0x00, 0x00, 0x00, 0x00, 0x00, 0x00, 0x00, 0x00, 0x00, 0x00, 0x00, 0x00, 0x00,
    0x00, 0x01, 0x00, 0x00, 0x00, 0x00, 0x00, 0x00, 0x00, 0x02, 0x00, 0x00, 0x00, 0x00, 0x00, 0x00,
    0x00, 0x00, 0x00, 0x00, 0x00, 0x00, 0x00, 0x00, 0x00, 0x00, 0x02, 0x00, 0x00, 0x00, 0x00, 0x00,
    0x00, 0x00, 0x05, 0x05, 0x01, 0x00, 0x00, 0x02, 0x00, 0x00, 0x00, 0x00, 0x00, 0x00, 0x00, 0x00,
    0x00, 0x00, 0x00, 0x00, 0x00, 0x00, 0x00, 0x05, 0x00, 0x00, 0x00, 0x71, 0x2d, 0x61, 0x70, 0x70,
    0x02, 0x00, 0x00, 0x00, 0x00, 0x00, 0x00, 0x00, 0x00, 0x00, 0x00, 0x00, 0x00, 0x00, 0x00, 0x00,
    0x00, 0x03, 0x00, 0x00, 0x00, 0x00, 0x00, 0x00, 0x00, 0x05, 0x07, 0x01, 0x00, 0x00, 0x01, 0x00,
    0x00, 0x00, 0x00, 0x00, 0x00, 0x00, 0x00, 0x00, 0x00, 0x00, 0x00, 0x00, 0x00, 0x00, 0x0f, 0x00,
    0x00, 0x00, 0x73, 0x75, 0x62, 0x7a, 0x65, 0x72, 0x6f, 0x2d, 0x69, 0x6e, 0x2d, 0x68, 0x65, 0x61,
    0x64, 0x02, 0x00, 0x00, 0x00, 0x00, 0x00, 0x00, 0x00, 0x00, 0x00, 0x00, 0x00, 0x00, 0x00, 0x00,
    0x00, 0x00, 0x04, 0x00, 0x00, 0x00, 0x00, 0x00, 0x00, 0x00, 0x02, 0x00, 0x00, 0x00, 0x00, 0x00,
    0x00, 0x00, 0x00, 0x00, 0x00, 0x00, 0x00, 0x00, 0x00, 0x00, 0x00, 0x02, 0x00, 0x00, 0x00, 0x00,
    0x00, 0x00, 0x00, 0x05, 0x08, 0x01, 0x00, 0x00, 0x02, 0x00, 0x00, 0x00, 0x00, 0x00, 0x00, 0x00,
    0x00, 0x00, 0x00, 0x00, 0x00, 0x00, 0x00, 0x00, 0x05, 0x00, 0x00, 0x00, 0x71, 0x2d, 0x61, 0x70,
    0x70, 0x05, 0x0a, 0x01, 0x00, 0x00, 0x04, 0x00, 0x00, 0x00, 0x00, 0x00, 0x00, 0x00, 0x00, 0x00,
    0x00, 0x00, 0x00, 0x00, 0x00, 0x00, 0x0c, 0x00, 0x00, 0x00, 0x73, 0x75, 0x62, 0x7a, 0x65, 0x72,
    0x6f, 0x2d, 0x73, 0x74, 0x65, 0x70, 0x02, 0x00, 0x00, 0x00, 0x00, 0x00, 0x00, 0x00, 0x00, 0x00,
    0x00, 0x00, 0x00, 0x00, 0x00, 0x00, 0x00, 0x00, 0x00, 0x00, 0x00, 0x00, 0x00, 0x00, 0x00, 0x02,
    0x00, 0x00, 0x00, 0x00, 0x00, 0x00, 0x00, 0x00, 0x00, 0x00, 0x00, 0x00, 0x00, 0x00, 0x00, 0x00,
    0x01, 0x00, 0x00, 0x00, 0x00, 0x00, 0x00, 0x00, 0x02, 0x00, 0x00, 0x00, 0x00, 0x00, 0x00, 0x00,
    0x00, 0x00, 0x00, 0x00, 0x00, 0x00, 0x00, 0x00, 0x00, 0x03, 0x00, 0x00, 0x00, 0x00, 0x00, 0x00,
    0x00, 0x02, 0x00, 0x00, 0x00, 0x00, 0x00, 0x00, 0x00, 0x00, 0x00, 0x00, 0x00, 0x00, 0x00, 0x00,
    0x00, 0x00, 0x04, 0x00, 0x00, 0x00, 0x00, 0x00, 0x00, 0x00, 0x05, 0x0e, 0x01, 0x00, 0x00, 0x04,
    0x00, 0x00, 0x00, 0x00, 0x00, 0x00, 0x00, 0x00, 0x00, 0x00, 0x00, 0x00, 0x00, 0x00, 0x00, 0x0c,
    0x00, 0x00, 0x00, 0x73, 0x75, 0x62, 0x7a, 0x65, 0x72, 0x6f, 0x2d, 0x73, 0x74, 0x65, 0x70, 0x02,
    0x00, 0x00, 0x00, 0x00, 0x00, 0x00, 0x00, 0x00, 0x00, 0x00, 0x00, 0x00, 0x00, 0x00, 0x00, 0x00,
    0x00, 0x00, 0x00, 0x00, 0x00, 0x00, 0x00, 0x00, 0x02, 0x00, 0x00, 0x00, 0x00, 0x00, 0x00, 0x00,
    0x00, 0x00, 0x00, 0x00, 0x00, 0x00, 0x00, 0x00, 0x00, 0x01, 0x00, 0x00, 0x00, 0x00, 0x00, 0x00,
    0x00, 0x02, 0x00, 0x00, 0x00, 0x00, 0x00, 0x00, 0x00, 0x00, 0x00, 0x00, 0x00, 0x00, 0x00, 0x00,
    0x00, 0x00, 0x02, 0x00, 0x00, 0x00, 0x00, 0x00, 0x00, 0x00, 0x05, 0x12, 0x01, 0x00, 0x00, 0x02,
    0x00, 0x00, 0x00, 0x00, 0x00, 0x00, 0x00, 0x00, 0x00, 0x00, 0x00, 0x00, 0x00, 0x00, 0x00, 0x05,
    0x00, 0x00, 0x00, 0x71, 0x2d, 0x61, 0x70, 0x70, 0x02, 0x00, 0x00, 0x00, 0x00, 0x00, 0x00, 0x00,
    0x00, 0x00, 0x00, 0x00, 0x00, 0x00, 0x00, 0x00, 0x00, 0x03, 0x00, 0x00, 0x00, 0x00, 0x00, 0x00,
    0x00, 0x02, 0x00, 0x00, 0x00, 0x00, 0x00, 0x00, 0x00, 0x00, 0x00, 0x00, 0x00, 0x00, 0x00, 0x00,
    0x00, 0x00, 0x01, 0x00, 0x00, 0x00, 0x00, 0x00, 0x00, 0x00, 0x02, 0x00, 0x00, 0x00, 0x00, 0x00,
    0x00, 0x00, 0x00, 0x00, 0x00, 0x00, 0x00, 0x00, 0x00, 0x00, 0x00, 0x04, 0x00, 0x00, 0x00, 0x00,
    0x00, 0x00, 0x00, 0x05, 0x14, 0x01, 0x00, 0x00, 0x02, 0x00, 0x00, 0x00, 0x00, 0x00, 0x00, 0x00,
    0x00, 0x00, 0x00, 0x00, 0x00, 0x00, 0x00, 0x00, 0x05, 0x00, 0x00, 0x00, 0x71, 0x2d, 0x61, 0x70,
    0x70, 0x05, 0x16, 0x01, 0x00, 0x00, 0x04, 0x00, 0x00, 0x00, 0x00, 0x00, 0x00, 0x00, 0x00, 0x00,
    0x00, 0x00, 0x00, 0x00, 0x00, 0x00, 0x0c, 0x00, 0x00, 0x00, 0x73, 0x75, 0x62, 0x7a, 0x65, 0x72,
    0x6f, 0x2d, 0x73, 0x74, 0x65, 0x70, 0x02, 0x00, 0x00, 0x00, 0x00, 0x00, 0x00, 0x00, 0x00, 0x00,
    0x00, 0x00, 0x00, 0x00, 0x00, 0x00, 0x00, 0x00, 0x00, 0x00, 0x00, 0x00, 0x00, 0x00, 0x00, 0x02,
    0x00, 0x00, 0x00, 0x00, 0x00, 0x00, 0x00, 0x00, 0x00, 0x00, 0x00, 0x00, 0x00, 0x00, 0x00, 0x00,
    0x02, 0x00, 0x00, 0x00, 0x00, 0x00, 0x00, 0x00, 0x02, 0x00, 0x00, 0x00, 0x00, 0x00, 0x00, 0x00,
    0x00, 0x00, 0x00, 0x00, 0x00, 0x00, 0x00, 0x00, 0x00, 0x03, 0x00, 0x00, 0x00, 0x00, 0x00, 0x00,
    0x00, 0x02, 0x00, 0x00, 0x00, 0x00, 0x00, 0x00, 0x00, 0x00, 0x00, 0x00, 0x00, 0x00, 0x00, 0x00,
    0x00, 0x00, 0x04, 0x00, 0x00, 0x00, 0x00, 0x00, 0x00, 0x00, 0x05, 0x1a, 0x01, 0x00, 0x00, 0x04,
    0x00, 0x00, 0x00, 0x00, 0x00, 0x00, 0x00, 0x00, 0x00, 0x00, 0x00, 0x00, 0x00, 0x00, 0x00, 0x11,
    0x00, 0x00, 0x00, 0x73, 0x75, 0x62, 0x7a, 0x65, 0x72, 0x6f, 0x2d, 0x73, 0x74, 0x65, 0x70, 0x2d,
    0x6c, 0x69, 0x73, 0x74, 0x02, 0x00, 0x00, 0x00, 0x00, 0x00, 0x00, 0x00, 0x00, 0x00, 0x00, 0x00,
    0x00, 0x00, 0x00, 0x00, 0x00, 0x00, 0x00, 0x00, 0x00, 0x00, 0x00, 0x00, 0x00, 0x02, 0x00, 0x00,
    0x00, 0x00, 0x00, 0x00, 0x00, 0x00, 0x00, 0x00, 0x00, 0x00, 0x00, 0x00, 0x00, 0x00, 0x01, 0x00,
    0x00, 0x00, 0x00, 0x00, 0x00, 0x00, 0x02, 0x00, 0x00, 0x00, 0x00, 0x00, 0x00, 0x00, 0x00, 0x00,
    0x00, 0x00, 0x00, 0x00, 0x00, 0x00, 0x00, 0x02, 0x00, 0x00, 0x00, 0x00, 0x00, 0x00, 0x00, 0x05,
    0x1e, 0x01, 0x00, 0x00, 0x02, 0x00, 0x00, 0x00, 0x00, 0x00, 0x00, 0x00, 0x00, 0x00, 0x00, 0x00,
    0x00, 0x00, 0x00, 0x00, 0x06, 0x00, 0x00, 0x00, 0x71, 0x2d, 0x63, 0x6f, 0x6e, 0x73, 0x01, 0x00,
    0x00, 0x00, 0x00, 0x00, 0x00, 0x00, 0x00, 0x00, 0x00, 0x00, 0x00, 0x00, 0x00, 0x00, 0x00, 0x00,
    0x00, 0x00, 0x00, 0x06, 0x00, 0x00, 0x00, 0x71, 0x2d, 0x7a, 0x65, 0x72, 0x6f, 0x02, 0x00, 0x00,
    0x00, 0x00, 0x00, 0x00, 0x00, 0x00, 0x00, 0x00, 0x00, 0x00, 0x00, 0x00, 0x00, 0x00, 0x03, 0x00,
    0x00, 0x00, 0x00, 0x00, 0x00, 0x00, 0x05, 0x20, 0x01, 0x00, 0x00, 0x02, 0x00, 0x00, 0x00, 0x00,
    0x00, 0x00, 0x00, 0x00, 0x00, 0x00, 0x00, 0x00, 0x00, 0x00, 0x00, 0x13, 0x00, 0x00, 0x00, 0x73,
    0x75, 0x62, 0x7a, 0x65, 0x72, 0x6f, 0x2d, 0x69, 0x6e, 0x2d, 0x61, 0x72, 0x67, 0x75, 0x6d, 0x65,
    0x6e, 0x74, 0x02, 0x00, 0x00, 0x00, 0x00, 0x00, 0x00, 0x00, 0x00, 0x00, 0x00, 0x00, 0x00, 0x00,
    0x00, 0x00, 0x00, 0x04, 0x00, 0x00, 0x00, 0x00, 0x00, 0x00, 0x00, 0x02, 0x00, 0x00, 0x00, 0x00,
    0x00, 0x00, 0x00, 0x00, 0x00, 0x00, 0x00, 0x00, 0x00, 0x00, 0x00, 0x00, 0x02, 0x00, 0x00, 0x00,
    0x00, 0x00, 0x00, 0x00, 0x05, 0x22, 0x01, 0x00, 0x00, 0x02, 0x00, 0x00, 0x00, 0x00, 0x00, 0x00,
    0x00, 0x00, 0x00, 0x00, 0x00, 0x00, 0x00, 0x00, 0x00, 0x06, 0x00, 0x00, 0x00, 0x71, 0x2d, 0x63,
    0x6f, 0x6e, 0x73, 0x05, 0x24, 0x01, 0x00, 0x00, 0x04, 0x00, 0x00, 0x00, 0x00, 0x00, 0x00, 0x00,
    0x00, 0x00, 0x00, 0x00, 0x00, 0x00, 0x00, 0x00, 0x11, 0x00, 0x00, 0x00, 0x73, 0x75, 0x62, 0x7a,
    0x65, 0x72, 0x6f, 0x2d, 0x73, 0x74, 0x65, 0x70, 0x2d, 0x6c, 0x69, 0x73, 0x74, 0x02, 0x00, 0x00,
    0x00, 0x00, 0x00, 0x00, 0x00, 0x00, 0x00, 0x00, 0x00, 0x00, 0x00, 0x00, 0x00, 0x00, 0x00, 0x00,
    0x00, 0x00, 0x00, 0x00, 0x00, 0x00, 0x02, 0x00, 0x00, 0x00, 0x00, 0x00, 0x00, 0x00, 0x00, 0x00,
    0x00, 0x00, 0x00, 0x00, 0x00, 0x00, 0x00, 0x01, 0x00, 0x00, 0x00, 0x00, 0x00, 0x00, 0x00, 0x02,
    0x00, 0x00, 0x00, 0x00, 0x00, 0x00, 0x00, 0x00, 0x00, 0x00, 0x00, 0x00, 0x00, 0x00, 0x00, 0x00,
    0x03, 0x00, 0x00, 0x00, 0x00, 0x00, 0x00, 0x00, 0x02, 0x00, 0x00, 0x00, 0x00, 0x00, 0x00, 0x00,
    0x00, 0x00, 0x00, 0x00, 0x00, 0x00, 0x00, 0x00, 0x00, 0x04, 0x00, 0x00, 0x00, 0x00, 0x00, 0x00,
    0x00, 0x05, 0x28, 0x01, 0x00, 0x00, 0x04, 0x00, 0x00, 0x00, 0x00, 0x00, 0x00, 0x00, 0x00, 0x00,
    0x00, 0x00, 0x00, 0x00, 0x00, 0x00, 0x0c, 0x00, 0x00, 0x00, 0x73, 0x75, 0x62, 0x7a, 0x65, 0x72,
    0x6f, 0x2d, 0x73, 0x74, 0x65, 0x70, 0x02, 0x00, 0x00, 0x00, 0x00, 0x00, 0x00, 0x00, 0x00, 0x00,
    0x00, 0x00, 0x00, 0x00, 0x00, 0x00, 0x00, 0x00, 0x00, 0x00, 0x00, 0x00, 0x00, 0x00, 0x00, 0x02,
    0x00, 0x00, 0x00, 0x00, 0x00, 0x00, 0x00, 0x00, 0x00, 0x00, 0x00, 0x00, 0x00, 0x00, 0x00, 0x00,
    0x01, 0x00, 0x00, 0x00, 0x00, 0x00, 0x00, 0x00, 0x02, 0x00, 0x00, 0x00, 0x00, 0x00, 0x00, 0x00,
    0x00, 0x00, 0x00, 0x00, 0x00, 0x00, 0x00, 0x00, 0x00, 0x02, 0x00, 0x00, 0x00, 0x00, 0x00, 0x00,
    0x00, 0x05, 0x2c, 0x01, 0x00, 0x00, 0x02, 0x00, 0x00, 0x00, 0x00, 0x00, 0x00, 0x00, 0x00, 0x00,
    0x00, 0x00, 0x00, 0x00, 0x00, 0x00, 0x06, 0x00, 0x00, 0x00, 0x71, 0x2d, 0x63, 0x6f, 0x6e, 0x73,
    0x02, 0x00, 0x00, 0x00, 0x00, 0x00, 0x00, 0x00, 0x00, 0x00, 0x00, 0x00, 0x00, 0x00, 0x00, 0x00,
    0x00, 0x03, 0x00, 0x00, 0x00, 0x00, 0x00, 0x00, 0x00, 0x05, 0x2e, 0x01, 0x00, 0x00, 0x01, 0x00,
    0x00, 0x00, 0x00, 0x00, 0x00, 0x00, 0x00, 0x00, 0x00, 0x00, 0x00, 0x00, 0x00, 0x00, 0x06, 0x00,
    0x00, 0x00, 0x71, 0x2d, 0x73, 0x75, 0x63, 0x63, 0x02, 0x00, 0x00, 0x00, 0x00, 0x00, 0x00, 0x00,
    0x00, 0x00, 0x00, 0x00, 0x00, 0x00, 0x00, 0x00, 0x00, 0x04, 0x00, 0x00, 0x00, 0x00, 0x00, 0x00,
    0x00, 0x05, 0x2f, 0x01, 0x00, 0x00, 0x02, 0x00, 0x00, 0x00, 0x00, 0x00, 0x00, 0x00, 0x00, 0x00,
    0x00, 0x00, 0x00, 0x00, 0x00, 0x00, 0x13, 0x00, 0x00, 0x00, 0x73, 0x75, 0x62, 0x7a, 0x65, 0x72,
    0x6f, 0x2d, 0x69, 0x6e, 0x2d, 0x61, 0x72, 0x67, 0x75, 0x6d, 0x65, 0x6e, 0x74, 0x02, 0x00, 0x00,
    0x00, 0x00, 0x00, 0x00, 0x00, 0x00, 0x00, 0x00, 0x00, 0x00, 0x00, 0x00, 0x00, 0x00, 0x01, 0x00,
    0x00, 0x00, 0x00, 0x00, 0x00, 0x00, 0x02, 0x00, 0x00, 0x00, 0x00, 0x00, 0x00, 0x00, 0x00, 0x00,
    0x00, 0x00, 0x00, 0x00, 0x00, 0x00, 0x00, 0x05, 0x00, 0x00, 0x00, 0x00, 0x00, 0x00, 0x00, 0x05,
    0x31, 0x01, 0x00, 0x00, 0x02, 0x00, 0x00, 0x00, 0x00, 0x00, 0x00, 0x00, 0x00, 0x00, 0x00, 0x00,
    0x00, 0x00, 0x00, 0x00, 0x06, 0x00, 0x00, 0x00, 0x71, 0x2d, 0x63, 0x6f, 0x6e, 0x73, 0x05, 0x33,
    0x01, 0x00, 0x00, 0x04, 0x00, 0x00, 0x00, 0x00, 0x00, 0x00, 0x00, 0x00, 0x00, 0x00, 0x00, 0x00,
    0x00, 0x00, 0x00, 0x11, 0x00, 0x00, 0x00, 0x73, 0x75, 0x62, 0x7a, 0x65, 0x72, 0x6f, 0x2d, 0x73,
    0x74, 0x65, 0x70, 0x2d, 0x6c, 0x69, 0x73, 0x74, 0x02, 0x00, 0x00, 0x00, 0x00, 0x00, 0x00, 0x00,
    0x00, 0x00, 0x00, 0x00, 0x00, 0x00, 0x00, 0x00, 0x00, 0x00, 0x00, 0x00, 0x00, 0x00, 0x00, 0x00,
    0x00, 0x02, 0x00, 0x00, 0x00, 0x00, 0x00, 0x00, 0x00, 0x00, 0x00, 0x00, 0x00, 0x00, 0x00, 0x00,
    0x00, 0x00, 0x02, 0x00, 0x00, 0x00, 0x00, 0x00, 0x00, 0x00, 0x02, 0x00, 0x00, 0x00, 0x00, 0x00,
    0x00, 0x00, 0x00, 0x00, 0x00, 0x00, 0x00, 0x00, 0x00, 0x00, 0x00, 0x03, 0x00, 0x00, 0x00, 0x00,
    0x00, 0x00, 0x00, 0x02, 0x00, 0x00, 0x00, 0x00, 0x00, 0x00, 0x00, 0x00, 0x00, 0x00, 0x00, 0x00,
    0x00, 0x00, 0x00, 0x00, 0x04, 0x00, 0x00, 0x00, 0x00, 0x00, 0x00, 0x00, 0x05, 0x37, 0x01, 0x00,
    0x00, 0x02, 0x00, 0x00, 0x00, 0x00, 0x00, 0x00, 0x00, 0x00, 0x00, 0x00, 0x00, 0x00, 0x00, 0x00,
    0x00, 0x13, 0x00, 0x00, 0x00, 0x73, 0x75, 0x62, 0x7a, 0x65, 0x72, 0x6f, 0x2d, 0x69, 0x6e, 0x2d,
    0x61, 0x72, 0x67, 0x75, 0x6d, 0x65, 0x6e, 0x74, 0x02, 0x00, 0x00, 0x00, 0x00, 0x00, 0x00, 0x00,
    0x00, 0x00, 0x00, 0x00, 0x00, 0x00, 0x00, 0x00, 0x00, 0x05, 0x00, 0x00, 0x00, 0x00, 0x00, 0x00,
    0x00, 0x05, 0x39, 0x01, 0x00, 0x00, 0x04, 0x00, 0x00, 0x00, 0x00, 0x00, 0x00, 0x00, 0x00, 0x00,
    0x00, 0x00, 0x00, 0x00, 0x00, 0x00, 0x11, 0x00, 0x00, 0x00, 0x73, 0x75, 0x62, 0x7a, 0x65, 0x72,
    0x6f, 0x2d, 0x73, 0x74, 0x65, 0x70, 0x2d, 0x6c, 0x69, 0x73, 0x74, 0x02, 0x00, 0x00, 0x00, 0x00,
    0x00, 0x00, 0x00, 0x00, 0x00, 0x00, 0x00, 0x00, 0x00, 0x00, 0x00, 0x00, 0x00, 0x00, 0x00, 0x00,
    0x00, 0x00, 0x00, 0x00, 0x02, 0x00, 0x00, 0x00, 0x00, 0x00, 0x00, 0x00, 0x00, 0x00, 0x00, 0x00,
    0x00, 0x00, 0x00, 0x00, 0x00, 0x01, 0x00, 0x00, 0x00, 0x00, 0x00, 0x00, 0x00, 0x02, 0x00, 0x00,
    0x00, 0x00, 0x00, 0x00, 0x00, 0x00, 0x00, 0x00, 0x00, 0x00, 0x00, 0x00, 0x00, 0x00, 0x02, 0x00,
    0x00, 0x00, 0x00, 0x00, 0x00, 0x00, 0x05, 0x3d, 0x01, 0x00, 0x00, 0x02, 0x00, 0x00, 0x00, 0x00,
    0x00, 0x00, 0x00, 0x00, 0x00, 0x00, 0x00, 0x00, 0x00, 0x00, 0x00, 0x19, 0x00, 0x00, 0x00, 0x73,
    0x75, 0x62, 0x7a, 0x65, 0x72, 0x6f, 0x2d, 0x72, 0x65, 0x73, 0x75, 0x6c, 0x74, 0x2d, 0x6f, 0x63,
    0x63, 0x75, 0x72, 0x72, 0x65, 0x6e, 0x63, 0x65, 0x02, 0x00, 0x00, 0x00, 0x00, 0x00, 0x00, 0x00,
    0x00, 0x00, 0x00, 0x00, 0x00, 0x00, 0x00, 0x00, 0x00, 0x03, 0x00, 0x00, 0x00, 0x00, 0x00, 0x00,
    0x00, 0x05, 0x3f, 0x01, 0x00, 0x00, 0x03, 0x00, 0x00, 0x00, 0x00, 0x00, 0x00, 0x00, 0x00, 0x00,
    0x00, 0x00, 0x00, 0x00, 0x00, 0x00, 0x10, 0x00, 0x00, 0x00, 0x73, 0x75, 0x62, 0x7a, 0x65, 0x72,
    0x6f, 0x2d, 0x65, 0x76, 0x61, 0x6c, 0x75, 0x61, 0x74, 0x65, 0x02, 0x00, 0x00, 0x00, 0x00, 0x00,
    0x00, 0x00, 0x00, 0x00, 0x00, 0x00, 0x00, 0x00, 0x00, 0x00, 0x00, 0x00, 0x00, 0x00, 0x00, 0x00,
    0x00, 0x00, 0x00, 0x02, 0x00, 0x00, 0x00, 0x00, 0x00, 0x00, 0x00, 0x00, 0x00, 0x00, 0x00, 0x00,
    0x00, 0x00, 0x00, 0x00, 0x01, 0x00, 0x00, 0x00, 0x00, 0x00, 0x00, 0x00, 0x03, 0x00, 0x00, 0x00,
    0x00, 0x00, 0x00, 0x00, 0x00, 0x00, 0x00, 0x00, 0x00, 0x00, 0x00, 0x00, 0x00, 0x00, 0x00, 0x00,
    0x00, 0x01, 0x00, 0x00, 0x00, 0x21, 0x05, 0x42, 0x01, 0x00, 0x00, 0x01, 0x00, 0x00, 0x00, 0x00,
    0x00, 0x00, 0x00, 0x00, 0x00, 0x00, 0x00, 0x00, 0x00, 0x00, 0x00, 0x05, 0x00, 0x00, 0x00, 0x71,
    0x2d, 0x73, 0x74, 0x72, 0x05, 0x43, 0x01, 0x00, 0x00, 0x01, 0x00, 0x00, 0x00, 0x00, 0x00, 0x00,
    0x00, 0x00, 0x00, 0x00, 0x00, 0x00, 0x00, 0x00, 0x00, 0x05, 0x00, 0x00, 0x00, 0x71, 0x2d, 0x73,
    0x79, 0x6d, 0x02, 0x00, 0x00, 0x00, 0x00, 0x00, 0x00, 0x00, 0x00, 0x00, 0x00, 0x00, 0x00, 0x00,
    0x00, 0x00, 0x00, 0x04, 0x00, 0x00, 0x00, 0x00, 0x00, 0x00, 0x00, 0x01, 0x00, 0x00, 0x00, 0x00,
    0x00, 0x00, 0x00, 0x00, 0x00, 0x00, 0x00, 0x00, 0x00, 0x00, 0x00, 0x00, 0x00, 0x00, 0x00, 0x00,
    0x05, 0x00, 0x00, 0x00, 0x71, 0x2d, 0x6e, 0x69, 0x6c, 0x05, 0x44, 0x01, 0x00, 0x00, 0x02, 0x00,
    0x00, 0x00, 0x00, 0x00, 0x00, 0x00, 0x00, 0x00, 0x00, 0x00, 0x00, 0x00, 0x00, 0x00, 0x06, 0x00,
    0x00, 0x00, 0x71, 0x2d, 0x63, 0x6f, 0x6e, 0x73, 0x05, 0x46, 0x01, 0x00, 0x00, 0x02, 0x00, 0x00,
    0x00, 0x00, 0x00, 0x00, 0x00, 0x00, 0x00, 0x00, 0x00, 0x00, 0x00, 0x00, 0x00, 0x05, 0x00, 0x00,
    0x00, 0x71, 0x2d, 0x61, 0x70, 0x70, 0x05, 0x48, 0x01, 0x00, 0x00, 0x03, 0x00, 0x00, 0x00, 0x00,
    0x00, 0x00, 0x00, 0x00, 0x00, 0x00, 0x00, 0x00, 0x00, 0x00, 0x00, 0x14, 0x00, 0x00, 0x00, 0x73,
    0x75, 0x62, 0x7a, 0x65, 0x72, 0x6f, 0x2d, 0x70, 0x72, 0x6f, 0x67, 0x72, 0x61, 0x6d, 0x2d, 0x61,
    0x74, 0x6f, 0x6d, 0x02, 0x00, 0x00, 0x00, 0x00, 0x00, 0x00, 0x00, 0x00, 0x00, 0x00, 0x00, 0x00,
    0x00, 0x00, 0x00, 0x00, 0x00, 0x00, 0x00, 0x00, 0x00, 0x00, 0x00, 0x00, 0x02, 0x00, 0x00, 0x00,
    0x00, 0x00, 0x00, 0x00, 0x00, 0x00, 0x00, 0x00, 0x00, 0x00, 0x00, 0x00, 0x00, 0x04, 0x00, 0x00,
    0x00, 0x00, 0x00, 0x00, 0x00, 0x02, 0x00, 0x00, 0x00, 0x00, 0x00, 0x00, 0x00, 0x00, 0x00, 0x00,
    0x00, 0x00, 0x00, 0x00, 0x00, 0x00, 0x02, 0x00, 0x00, 0x00, 0x00, 0x00, 0x00, 0x00, 0x02, 0x00,
    0x00, 0x00, 0x00, 0x00, 0x00, 0x00, 0x00, 0x00, 0x00, 0x00, 0x00, 0x00, 0x00, 0x00, 0x00, 0x03,
    0x00, 0x00, 0x00, 0x00, 0x00, 0x00, 0x00, 0x05, 0x4b, 0x01, 0x00, 0x00, 0x04, 0x00, 0x00, 0x00,
    0x00, 0x00, 0x00, 0x00, 0x00, 0x00, 0x00, 0x00, 0x00, 0x00, 0x00, 0x00, 0x0c, 0x00, 0x00, 0x00,
    0x73, 0x75, 0x62, 0x7a, 0x65, 0x72, 0x6f, 0x2d, 0x73, 0x74, 0x65, 0x70, 0x00, 0x00, 0x00, 0x00,
    0x01, 0x00, 0x00, 0x00, 0x02, 0x00, 0x00, 0x00, 0x03, 0x00, 0x00, 0x00, 0x04, 0x00, 0x00, 0x00,
    0x05, 0x00, 0x00, 0x00, 0x07, 0x00, 0x00, 0x00, 0x08, 0x00, 0x00, 0x00, 0x09, 0x00, 0x00, 0x00,
    0x0a, 0x00, 0x00, 0x00, 0x0b, 0x00, 0x00, 0x00, 0x0c, 0x00, 0x00, 0x00, 0x0e, 0x00, 0x00, 0x00,
    0x0f, 0x00, 0x00, 0x00, 0x10, 0x00, 0x00, 0x00, 0x12, 0x00, 0x00, 0x00, 0x13, 0x00, 0x00, 0x00,
    0x14, 0x00, 0x00, 0x00, 0x15, 0x00, 0x00, 0x00, 0x19, 0x00, 0x00, 0x00, 0x1a, 0x00, 0x00, 0x00,
    0x1d, 0x00, 0x00, 0x00, 0x1e, 0x00, 0x00, 0x00, 0x1c, 0x00, 0x00, 0x00, 0x1f, 0x00, 0x00, 0x00,
    0x1b, 0x00, 0x00, 0x00, 0x20, 0x00, 0x00, 0x00, 0x17, 0x00, 0x00, 0x00, 0x18, 0x00, 0x00, 0x00,
    0x21, 0x00, 0x00, 0x00, 0x24, 0x00, 0x00, 0x00, 0x23, 0x00, 0x00, 0x00, 0x25, 0x00, 0x00, 0x00,
    0x27, 0x00, 0x00, 0x00, 0x29, 0x00, 0x00, 0x00, 0x28, 0x00, 0x00, 0x00, 0x2a, 0x00, 0x00, 0x00,
    0x2c, 0x00, 0x00, 0x00, 0x2d, 0x00, 0x00, 0x00, 0x32, 0x00, 0x00, 0x00, 0x33, 0x00, 0x00, 0x00,
    0x34, 0x00, 0x00, 0x00, 0x2f, 0x00, 0x00, 0x00, 0x30, 0x00, 0x00, 0x00, 0x31, 0x00, 0x00, 0x00,
    0x35, 0x00, 0x00, 0x00, 0x39, 0x00, 0x00, 0x00, 0x3a, 0x00, 0x00, 0x00, 0x3b, 0x00, 0x00, 0x00,
    0x3d, 0x00, 0x00, 0x00, 0x3e, 0x00, 0x00, 0x00, 0x3f, 0x00, 0x00, 0x00, 0x37, 0x00, 0x00, 0x00,
    0x38, 0x00, 0x00, 0x00, 0x3c, 0x00, 0x00, 0x00, 0x40, 0x00, 0x00, 0x00, 0x44, 0x00, 0x00, 0x00,
    0x45, 0x00, 0x00, 0x00, 0x46, 0x00, 0x00, 0x00, 0x4a, 0x00, 0x00, 0x00, 0x4b, 0x00, 0x00, 0x00,
    0x4c, 0x00, 0x00, 0x00, 0x48, 0x00, 0x00, 0x00, 0x49, 0x00, 0x00, 0x00, 0x4d, 0x00, 0x00, 0x00,
    0x42, 0x00, 0x00, 0x00, 0x43, 0x00, 0x00, 0x00, 0x47, 0x00, 0x00, 0x00, 0x4e, 0x00, 0x00, 0x00,
    0x50, 0x00, 0x00, 0x00, 0x51, 0x00, 0x00, 0x00, 0x55, 0x00, 0x00, 0x00, 0x56, 0x00, 0x00, 0x00,
    0x57, 0x00, 0x00, 0x00, 0x59, 0x00, 0x00, 0x00, 0x5a, 0x00, 0x00, 0x00, 0x5b, 0x00, 0x00, 0x00,
    0x53, 0x00, 0x00, 0x00, 0x54, 0x00, 0x00, 0x00, 0x58, 0x00, 0x00, 0x00, 0x5c, 0x00, 0x00, 0x00,
    0x5e, 0x00, 0x00, 0x00, 0x5f, 0x00, 0x00, 0x00, 0x61, 0x00, 0x00, 0x00, 0x62, 0x00, 0x00, 0x00,
    0x63, 0x00, 0x00, 0x00, 0x64, 0x00, 0x00, 0x00, 0x67, 0x00, 0x00, 0x00, 0x68, 0x00, 0x00, 0x00,
    0x69, 0x00, 0x00, 0x00, 0x66, 0x00, 0x00, 0x00, 0x6a, 0x00, 0x00, 0x00, 0x6b, 0x00, 0x00, 0x00,
    0x6e, 0x00, 0x00, 0x00, 0x6f, 0x00, 0x00, 0x00, 0x70, 0x00, 0x00, 0x00, 0x6d, 0x00, 0x00, 0x00,
    0x71, 0x00, 0x00, 0x00, 0x72, 0x00, 0x00, 0x00, 0x74, 0x00, 0x00, 0x00, 0x75, 0x00, 0x00, 0x00,
    0x77, 0x00, 0x00, 0x00, 0x78, 0x00, 0x00, 0x00, 0x79, 0x00, 0x00, 0x00, 0x7b, 0x00, 0x00, 0x00,
    0x7c, 0x00, 0x00, 0x00, 0x7d, 0x00, 0x00, 0x00, 0x7e, 0x00, 0x00, 0x00, 0x7f, 0x00, 0x00, 0x00,
    0x81, 0x00, 0x00, 0x00, 0x82, 0x00, 0x00, 0x00, 0x83, 0x00, 0x00, 0x00, 0x84, 0x00, 0x00, 0x00,
    0x86, 0x00, 0x00, 0x00, 0x88, 0x00, 0x00, 0x00, 0x87, 0x00, 0x00, 0x00, 0x89, 0x00, 0x00, 0x00,
    0x8a, 0x00, 0x00, 0x00, 0x8b, 0x00, 0x00, 0x00, 0x8d, 0x00, 0x00, 0x00, 0x8f, 0x00, 0x00, 0x00,
    0x8e, 0x00, 0x00, 0x00, 0x90, 0x00, 0x00, 0x00, 0x91, 0x00, 0x00, 0x00, 0x92, 0x00, 0x00, 0x00,
    0x94, 0x00, 0x00, 0x00, 0x96, 0x00, 0x00, 0x00, 0x95, 0x00, 0x00, 0x00, 0x97, 0x00, 0x00, 0x00,
    0x98, 0x00, 0x00, 0x00, 0x99, 0x00, 0x00, 0x00, 0x9b, 0x00, 0x00, 0x00, 0x9c, 0x00, 0x00, 0x00,
    0x9d, 0x00, 0x00, 0x00, 0x9e, 0x00, 0x00, 0x00, 0xa0, 0x00, 0x00, 0x00, 0xa2, 0x00, 0x00, 0x00,
    0xa1, 0x00, 0x00, 0x00, 0xa3, 0x00, 0x00, 0x00, 0xa4, 0x00, 0x00, 0x00, 0xa5, 0x00, 0x00, 0x00,
    0xa7, 0x00, 0x00, 0x00, 0xa8, 0x00, 0x00, 0x00, 0xaa, 0x00, 0x00, 0x00, 0xab, 0x00, 0x00, 0x00,
    0xa9, 0x00, 0x00, 0x00, 0xac, 0x00, 0x00, 0x00, 0xad, 0x00, 0x00, 0x00, 0xae, 0x00, 0x00, 0x00,
    0xb0, 0x00, 0x00, 0x00, 0xb1, 0x00, 0x00, 0x00, 0xb2, 0x00, 0x00, 0x00, 0xb3, 0x00, 0x00, 0x00,
    0xb5, 0x00, 0x00, 0x00, 0xb6, 0x00, 0x00, 0x00, 0xb7, 0x00, 0x00, 0x00, 0xb8, 0x00, 0x00, 0x00,
    0xba, 0x00, 0x00, 0x00, 0xbb, 0x00, 0x00, 0x00, 0xbc, 0x00, 0x00, 0x00, 0xbd, 0x00, 0x00, 0x00,
    0xbf, 0x00, 0x00, 0x00, 0xc0, 0x00, 0x00, 0x00, 0xc2, 0x00, 0x00, 0x00, 0xc3, 0x00, 0x00, 0x00,
    0xc1, 0x00, 0x00, 0x00, 0xc4, 0x00, 0x00, 0x00, 0xc5, 0x00, 0x00, 0x00, 0xc6, 0x00, 0x00, 0x00,
    0xc8, 0x00, 0x00, 0x00, 0xc9, 0x00, 0x00, 0x00, 0xca, 0x00, 0x00, 0x00, 0xcb, 0x00, 0x00, 0x00,
    0xcd, 0x00, 0x00, 0x00, 0xce, 0x00, 0x00, 0x00, 0xcf, 0x00, 0x00, 0x00, 0xd0, 0x00, 0x00, 0x00,
    0xd2, 0x00, 0x00, 0x00, 0xd3, 0x00, 0x00, 0x00, 0xd4, 0x00, 0x00, 0x00, 0xd5, 0x00, 0x00, 0x00,
    0xd7, 0x00, 0x00, 0x00, 0xd8, 0x00, 0x00, 0x00, 0xd9, 0x00, 0x00, 0x00, 0xdb, 0x00, 0x00, 0x00,
    0xde, 0x00, 0x00, 0x00, 0xdc, 0x00, 0x00, 0x00, 0xdd, 0x00, 0x00, 0x00, 0xdf, 0x00, 0x00, 0x00,
    0xe1, 0x00, 0x00, 0x00, 0xe4, 0x00, 0x00, 0x00, 0xe2, 0x00, 0x00, 0x00, 0xe3, 0x00, 0x00, 0x00,
    0xe5, 0x00, 0x00, 0x00, 0xe7, 0x00, 0x00, 0x00, 0xea, 0x00, 0x00, 0x00, 0xe8, 0x00, 0x00, 0x00,
    0xe9, 0x00, 0x00, 0x00, 0xeb, 0x00, 0x00, 0x00, 0xed, 0x00, 0x00, 0x00, 0xee, 0x00, 0x00, 0x00,
    0xef, 0x00, 0x00, 0x00, 0xf1, 0x00, 0x00, 0x00, 0xf4, 0x00, 0x00, 0x00, 0xf2, 0x00, 0x00, 0x00,
    0xf3, 0x00, 0x00, 0x00, 0xf5, 0x00, 0x00, 0x00, 0xf7, 0x00, 0x00, 0x00, 0xf8, 0x00, 0x00, 0x00,
    0xfb, 0x00, 0x00, 0x00, 0xfc, 0x00, 0x00, 0x00, 0xf9, 0x00, 0x00, 0x00, 0xfa, 0x00, 0x00, 0x00,
    0xfd, 0x00, 0x00, 0x00, 0xff, 0x00, 0x00, 0x00, 0x00, 0x01, 0x00, 0x00, 0x01, 0x01, 0x00, 0x00,
    0x03, 0x01, 0x00, 0x00, 0x04, 0x01, 0x00, 0x00, 0x05, 0x01, 0x00, 0x00, 0x07, 0x01, 0x00, 0x00,
    0x08, 0x01, 0x00, 0x00, 0x09, 0x01, 0x00, 0x00, 0x0b, 0x01, 0x00, 0x00, 0x0c, 0x01, 0x00, 0x00,
    0x0f, 0x01, 0x00, 0x00, 0x10, 0x01, 0x00, 0x00, 0x0d, 0x01, 0x00, 0x00, 0x0e, 0x01, 0x00, 0x00,
    0x11, 0x01, 0x00, 0x00, 0x13, 0x01, 0x00, 0x00, 0x14, 0x01, 0x00, 0x00, 0x15, 0x01, 0x00, 0x00,
    0x17, 0x01, 0x00, 0x00, 0x18, 0x01, 0x00, 0x00, 0x19, 0x01, 0x00, 0x00, 0x1d, 0x01, 0x00, 0x00,
    0x1e, 0x01, 0x00, 0x00, 0x1b, 0x01, 0x00, 0x00, 0x1c, 0x01, 0x00, 0x00, 0x1f, 0x01, 0x00, 0x00,
    0x20, 0x01, 0x00, 0x00, 0x22, 0x01, 0x00, 0x00, 0x23, 0x01, 0x00, 0x00, 0x24, 0x01, 0x00, 0x00,
    0x25, 0x01, 0x00, 0x00, 0x27, 0x01, 0x00, 0x00, 0x28, 0x01, 0x00, 0x00, 0x29, 0x01, 0x00, 0x00,
    0x2a, 0x01, 0x00, 0x00, 0x2c, 0x01, 0x00, 0x00, 0x2d, 0x01, 0x00, 0x00, 0x2e, 0x01, 0x00, 0x00,
    0x30, 0x01, 0x00, 0x00, 0x31, 0x01, 0x00, 0x00, 0x32, 0x01, 0x00, 0x00, 0x33, 0x01, 0x00, 0x00,
    0x35, 0x01, 0x00, 0x00, 0x36, 0x01, 0x00, 0x00, 0x37, 0x01, 0x00, 0x00, 0x38, 0x01, 0x00, 0x00,
    0x3b, 0x01, 0x00, 0x00, 0x3c, 0x01, 0x00, 0x00, 0x3e, 0x01, 0x00, 0x00, 0x40, 0x01, 0x00, 0x00,
    0x41, 0x01, 0x00, 0x00, 0x3a, 0x01, 0x00, 0x00, 0x3d, 0x01, 0x00, 0x00, 0x3f, 0x01, 0x00, 0x00,
    0x42, 0x01, 0x00, 0x00, 0x44, 0x01, 0x00, 0x00, 0x45, 0x01, 0x00, 0x00, 0x46, 0x01, 0x00, 0x00,
    0x47, 0x01, 0x00, 0x00, 0x4a, 0x01, 0x00, 0x00, 0x4b, 0x01, 0x00, 0x00, 0x4e, 0x01, 0x00, 0x00,
    0x4f, 0x01, 0x00, 0x00, 0x49, 0x01, 0x00, 0x00, 0x4c, 0x01, 0x00, 0x00, 0x4d, 0x01, 0x00, 0x00,
    0x50, 0x01, 0x00, 0x00, 0x52, 0x01, 0x00, 0x00, 0x53, 0x01, 0x00, 0x00, 0x54, 0x01, 0x00, 0x00,
    0x55, 0x01, 0x00, 0x00, 0x58, 0x01, 0x00, 0x00, 0x59, 0x01, 0x00, 0x00, 0x5b, 0x01, 0x00, 0x00,
    0x5c, 0x01, 0x00, 0x00, 0x5e, 0x01, 0x00, 0x00, 0x5f, 0x01, 0x00, 0x00, 0x57, 0x01, 0x00, 0x00,
    0x5a, 0x01, 0x00, 0x00, 0x5d, 0x01, 0x00, 0x00, 0x60, 0x01, 0x00, 0x00, 0x62, 0x01, 0x00, 0x00,
    0x63, 0x01, 0x00, 0x00, 0x64, 0x01, 0x00, 0x00, 0x65, 0x01, 0x00, 0x00, 0x68, 0x01, 0x00, 0x00,
    0x69, 0x01, 0x00, 0x00, 0x6b, 0x01, 0x00, 0x00, 0x6c, 0x01, 0x00, 0x00, 0x6d, 0x01, 0x00, 0x00,
    0x6f, 0x01, 0x00, 0x00, 0x70, 0x01, 0x00, 0x00, 0x67, 0x01, 0x00, 0x00, 0x6a, 0x01, 0x00, 0x00,
    0x6e, 0x01, 0x00, 0x00, 0x71, 0x01, 0x00, 0x00, 0x75, 0x01, 0x00, 0x00, 0x76, 0x01, 0x00, 0x00,
    0x73, 0x01, 0x00, 0x00, 0x74, 0x01, 0x00, 0x00, 0x77, 0x01, 0x00, 0x00, 0x78, 0x01, 0x00, 0x00,
    0x7b, 0x01, 0x00, 0x00, 0x7c, 0x01, 0x00, 0x00, 0x7a, 0x01, 0x00, 0x00, 0x7d, 0x01, 0x00, 0x00,
    0x7e, 0x01, 0x00, 0x00, 0x82, 0x01, 0x00, 0x00, 0x83, 0x01, 0x00, 0x00, 0x85, 0x01, 0x00, 0x00,
    0x86, 0x01, 0x00, 0x00, 0x84, 0x01, 0x00, 0x00, 0x87, 0x01, 0x00, 0x00, 0x80, 0x01, 0x00, 0x00,
    0x81, 0x01, 0x00, 0x00, 0x88, 0x01, 0x00, 0x00, 0x8a, 0x01, 0x00, 0x00, 0x8b, 0x01, 0x00, 0x00,
    0x8c, 0x01, 0x00, 0x00, 0x8d, 0x01, 0x00, 0x00, 0x06, 0x00, 0x00, 0x00, 0x00, 0x00, 0x00, 0x00,
    0x00, 0x00, 0x00, 0x00, 0x03, 0x00, 0x00, 0x00, 0x19, 0x00, 0x00, 0x00, 0x73, 0x75, 0x62, 0x7a,
    0x65, 0x72, 0x6f, 0x2d, 0x70, 0x72, 0x6f, 0x67, 0x72, 0x61, 0x6d, 0x2d, 0x61, 0x74, 0x6f, 0x6d,
    0x2d, 0x68, 0x65, 0x72, 0x65, 0x0d, 0x00, 0x00, 0x00, 0x00, 0x00, 0x00, 0x00, 0x01, 0x00, 0x00,
    0x00, 0x05, 0x00, 0x00, 0x00, 0x19, 0x00, 0x00, 0x00, 0x73, 0x75, 0x62, 0x7a, 0x65, 0x72, 0x6f,
    0x2d, 0x70, 0x72, 0x6f, 0x67, 0x72, 0x61, 0x6d, 0x2d, 0x61, 0x74, 0x6f, 0x6d, 0x2d, 0x72, 0x65,
    0x73, 0x74, 0x16, 0x00, 0x00, 0x00, 0x01, 0x00, 0x00, 0x00, 0x01, 0x00, 0x00, 0x00, 0x04, 0x00,
    0x00, 0x00, 0x1a, 0x00, 0x00, 0x00, 0x73, 0x75, 0x62, 0x7a, 0x65, 0x72, 0x6f, 0x2d, 0x72, 0x75,
    0x6c, 0x65, 0x2d, 0x76, 0x69, 0x65, 0x77, 0x2d, 0x65, 0x71, 0x75, 0x61, 0x6c, 0x69, 0x74, 0x79,
    0x26, 0x00, 0x00, 0x00, 0x02, 0x00, 0x00, 0x00, 0x00, 0x00, 0x00, 0x00, 0x01, 0x00, 0x00, 0x00,
    0x15, 0x00, 0x00, 0x00, 0x73, 0x75, 0x62, 0x7a, 0x65, 0x72, 0x6f, 0x2d, 0x69, 0x6e, 0x64, 0x65,
    0x78, 0x2d, 0x6c, 0x74, 0x2d, 0x62, 0x61, 0x73, 0x65, 0x2b, 0x00, 0x00, 0x00, 0x02, 0x00, 0x00,
    0x00, 0x01, 0x00, 0x00, 0x00, 0x02, 0x00, 0x00, 0x00, 0x15, 0x00, 0x00, 0x00, 0x73, 0x75, 0x62,
    0x7a, 0x65, 0x72, 0x6f, 0x2d, 0x69, 0x6e, 0x64, 0x65, 0x78, 0x2d, 0x6c, 0x74, 0x2d, 0x73, 0x74,
    0x65, 0x70, 0x36, 0x00, 0x00, 0x00, 0x03, 0x00, 0x00, 0x00, 0x00, 0x00, 0x00, 0x00, 0x02, 0x00,
    0x00, 0x00, 0x12, 0x00, 0x00, 0x00, 0x73, 0x75, 0x62, 0x7a, 0x65, 0x72, 0x6f, 0x2d, 0x62, 0x69,
    0x6e, 0x64, 0x2d, 0x65, 0x6d, 0x70, 0x74, 0x79, 0x41, 0x00, 0x00, 0x00, 0x03, 0x00, 0x00, 0x00,
    0x00, 0x00, 0x00, 0x00, 0x03, 0x00, 0x00, 0x00, 0x15, 0x00, 0x00, 0x00, 0x73, 0x75, 0x62, 0x7a,
    0x65, 0x72, 0x6f, 0x2d, 0x62, 0x69, 0x6e, 0x64, 0x2d, 0x65, 0x78, 0x69, 0x73, 0x74, 0x69, 0x6e,
    0x67, 0x4f, 0x00, 0x00, 0x00, 0x03, 0x00, 0x00, 0x00, 0x01, 0x00, 0x00, 0x00, 0x05, 0x00, 0x00,
    0x00, 0x13, 0x00, 0x00, 0x00, 0x73, 0x75, 0x62, 0x7a, 0x65, 0x72, 0x6f, 0x2d, 0x62, 0x69, 0x6e,
    0x64, 0x2d, 0x62, 0x65, 0x66, 0x6f, 0x72, 0x65, 0x5d, 0x00, 0x00, 0x00, 0x04, 0x00, 0x00, 0x00,
    0x02, 0x00, 0x00, 0x00, 0x06, 0x00, 0x00, 0x00, 0x12, 0x00, 0x00, 0x00, 0x73, 0x75, 0x62, 0x7a,
    0x65, 0x72, 0x6f, 0x2d, 0x62, 0x69, 0x6e, 0x64, 0x2d, 0x61, 0x66, 0x74, 0x65, 0x72, 0x6c, 0x00,
    0x00, 0x00, 0x06, 0x00, 0x00, 0x00, 0x00, 0x00, 0x00, 0x00, 0x03, 0x00, 0x00, 0x00, 0x13, 0x00,
    0x00, 0x00, 0x73, 0x75, 0x62, 0x7a, 0x65, 0x72, 0x6f, 0x2d, 0x6c, 0x6f, 0x6f, 0x6b, 0x75, 0x70,
    0x2d, 0x68, 0x65, 0x72, 0x65, 0x73, 0x00, 0x00, 0x00, 0x06, 0x00, 0x00, 0x00, 0x02, 0x00, 0x00,
    0x00, 0x05, 0x00, 0x00, 0x00, 0x14, 0x00, 0x00, 0x00, 0x73, 0x75, 0x62, 0x7a, 0x65, 0x72, 0x6f,
    0x2d, 0x6c, 0x6f, 0x6f, 0x6b, 0x75, 0x70, 0x2d, 0x61, 0x66, 0x74, 0x65, 0x72, 0x80, 0x00, 0x00,
    0x00, 0x08, 0x00, 0x00, 0x00, 0x01, 0x00, 0x00, 0x00, 0x04, 0x00, 0x00, 0x00, 0x16, 0x00, 0x00,
    0x00, 0x73, 0x75, 0x62, 0x7a, 0x65, 0x72, 0x6f, 0x2d, 0x6d, 0x61, 0x74, 0x63, 0x68, 0x2d, 0x76,
    0x61, 0x72, 0x69, 0x61, 0x62, 0x6c, 0x65, 0x8c, 0x00, 0x00, 0x00, 0x09, 0x00, 0x00, 0x00, 0x00,
    0x00, 0x00, 0x00, 0x02, 0x00, 0x00, 0x00, 0x14, 0x00, 0x00, 0x00, 0x73, 0x75, 0x62, 0x7a, 0x65,
    0x72, 0x6f, 0x2d, 0x6d, 0x61, 0x74, 0x63, 0x68, 0x2d, 0x73, 0x79, 0x6d, 0x62, 0x6f, 0x6c, 0x93,
    0x00, 0x00, 0x00, 0x09, 0x00, 0x00, 0x00, 0x00, 0x00, 0x00, 0x00, 0x02, 0x00, 0x00, 0x00, 0x15,
    0x00, 0x00, 0x00, 0x73, 0x75, 0x62, 0x7a, 0x65, 0x72, 0x6f, 0x2d, 0x6d, 0x61, 0x74, 0x63, 0x68,
    0x2d, 0x69, 0x6e, 0x74, 0x65, 0x67, 0x65, 0x72, 0x9a, 0x00, 0x00, 0x00, 0x09, 0x00, 0x00, 0x00,
    0x00, 0x00, 0x00, 0x00, 0x02, 0x00, 0x00, 0x00, 0x14, 0x00, 0x00, 0x00, 0x73, 0x75, 0x62, 0x7a,
    0x65, 0x72, 0x6f, 0x2d, 0x6d, 0x61, 0x74, 0x63, 0x68, 0x2d, 0x73, 0x74, 0x72, 0x69, 0x6e, 0x67,
    0x9f, 0x00, 0x00, 0x00, 0x09, 0x00, 0x00, 0x00, 0x00, 0x00, 0x00, 0x00, 0x01, 0x00, 0x00, 0x00,
    0x1e, 0x00, 0x00, 0x00, 0x73, 0x75, 0x62, 0x7a, 0x65, 0x72, 0x6f, 0x2d, 0x6d, 0x61, 0x74, 0x63,
    0x68, 0x2d, 0x65, 0x6d, 0x70, 0x74, 0x79, 0x2d, 0x65, 0x78, 0x70, 0x72, 0x65, 0x73, 0x73, 0x69,
    0x6f, 0x6e, 0xa6, 0x00, 0x00, 0x00, 0x09, 0x00, 0x00, 0x00, 0x00, 0x00, 0x00, 0x00, 0x02, 0x00,
    0x00, 0x00, 0x14, 0x00, 0x00, 0x00, 0x73, 0x75, 0x62, 0x7a, 0x65, 0x72, 0x6f, 0x2d, 0x6d, 0x61,
    0x74, 0x63, 0x68, 0x2d, 0x67, 0x72, 0x6f, 0x75, 0x6e, 0x64, 0xaf, 0x00, 0x00, 0x00, 0x09, 0x00,
    0x00, 0x00, 0x02, 0x00, 0x00, 0x00, 0x07, 0x00, 0x00, 0x00, 0x19, 0x00, 0x00, 0x00, 0x73, 0x75,
    0x62, 0x7a, 0x65, 0x72, 0x6f, 0x2d, 0x6d, 0x61, 0x74, 0x63, 0x68, 0x2d, 0x61, 0x70, 0x70, 0x6c,
    0x69, 0x63, 0x61, 0x74, 0x69, 0x6f, 0x6e, 0xbe, 0x00, 0x00, 0x00, 0x0b, 0x00, 0x00, 0x00, 0x00,
    0x00, 0x00, 0x00, 0x01, 0x00, 0x00, 0x00, 0x18, 0x00, 0x00, 0x00, 0x73, 0x75, 0x62, 0x7a, 0x65,
    0x72, 0x6f, 0x2d, 0x6d, 0x61, 0x74, 0x63, 0x68, 0x2d, 0x6c, 0x69, 0x73, 0x74, 0x2d, 0x65, 0x6d,
    0x70, 0x74, 0x79, 0xc7, 0x00, 0x00, 0x00, 0x0b, 0x00, 0x00, 0x00, 0x02, 0x00, 0x00, 0x00, 0x07,
    0x00, 0x00, 0x00, 0x17, 0x00, 0x00, 0x00, 0x73, 0x75, 0x62, 0x7a, 0x65, 0x72, 0x6f, 0x2d, 0x6d,
    0x61, 0x74, 0x63, 0x68, 0x2d, 0x6c, 0x69, 0x73, 0x74, 0x2d, 0x73, 0x74, 0x65, 0x70, 0xd6, 0x00,
    0x00, 0x00, 0x0d, 0x00, 0x00, 0x00, 0x01, 0x00, 0x00, 0x00, 0x03, 0x00, 0x00, 0x00, 0x1b, 0x00,
    0x00, 0x00, 0x73, 0x75, 0x62, 0x7a, 0x65, 0x72, 0x6f, 0x2d, 0x73, 0x75, 0x62, 0x73, 0x74, 0x69,
    0x74, 0x75, 0x74, 0x65, 0x2d, 0x76, 0x61, 0x72, 0x69, 0x61, 0x62, 0x6c, 0x65, 0xe0, 0x00, 0x00,
    0x00, 0x0e, 0x00, 0x00, 0x00, 0x00, 0x00, 0x00, 0x00, 0x02, 0x00, 0x00, 0x00, 0x19, 0x00, 0x00,
    0x00, 0x73, 0x75, 0x62, 0x7a, 0x65, 0x72, 0x6f, 0x2d, 0x73, 0x75, 0x62, 0x73, 0x74, 0x69, 0x74,
    0x75, 0x74, 0x65, 0x2d, 0x73, 0x79, 0x6d, 0x62, 0x6f, 0x6c, 0xe6, 0x00, 0x00, 0x00, 0x0e, 0x00,
    0x00, 0x00, 0x00, 0x00, 0x00, 0x00, 0x02, 0x00, 0x00, 0x00, 0x1a, 0x00, 0x00, 0x00, 0x73, 0x75,
    0x62, 0x7a, 0x65, 0x72, 0x6f, 0x2d, 0x73, 0x75, 0x62, 0x73, 0x74, 0x69, 0x74, 0x75, 0x74, 0x65,
    0x2d, 0x69, 0x6e, 0x74, 0x65, 0x67, 0x65, 0x72, 0xec, 0x00, 0x00, 0x00, 0x0e, 0x00, 0x00, 0x00,
    0x00, 0x00, 0x00, 0x00, 0x02, 0x00, 0x00, 0x00, 0x19, 0x00, 0x00, 0x00, 0x73, 0x75, 0x62, 0x7a,
    0x65, 0x72, 0x6f, 0x2d, 0x73, 0x75, 0x62, 0x73, 0x74, 0x69, 0x74, 0x75, 0x74, 0x65, 0x2d, 0x73,
    0x74, 0x72, 0x69, 0x6e, 0x67, 0xf0, 0x00, 0x00, 0x00, 0x0e, 0x00, 0x00, 0x00, 0x00, 0x00, 0x00,
    0x00, 0x01, 0x00, 0x00, 0x00, 0x23, 0x00, 0x00, 0x00, 0x73, 0x75, 0x62, 0x7a, 0x65, 0x72, 0x6f,
    0x2d, 0x73, 0x75, 0x62, 0x73, 0x74, 0x69, 0x74, 0x75, 0x74, 0x65, 0x2d, 0x65, 0x6d, 0x70, 0x74,
    0x79, 0x2d, 0x65, 0x78, 0x70, 0x72, 0x65, 0x73, 0x73, 0x69, 0x6f, 0x6e, 0xf6, 0x00, 0x00, 0x00,
    0x0e, 0x00, 0x00, 0x00, 0x00, 0x00, 0x00, 0x00, 0x02, 0x00, 0x00, 0x00, 0x19, 0x00, 0x00, 0x00,
    0x73, 0x75, 0x62, 0x7a, 0x65, 0x72, 0x6f, 0x2d, 0x73, 0x75, 0x62, 0x73, 0x74, 0x69, 0x74, 0x75,
    0x74, 0x65, 0x2d, 0x67, 0x72, 0x6f, 0x75, 0x6e, 0x64, 0xfe, 0x00, 0x00, 0x00, 0x0e, 0x00, 0x00,
    0x00, 0x02, 0x00, 0x00, 0x00, 0x05, 0x00, 0x00, 0x00, 0x1e, 0x00, 0x00, 0x00, 0x73, 0x75, 0x62,
    0x7a, 0x65, 0x72, 0x6f, 0x2d, 0x73, 0x75, 0x62, 0x73, 0x74, 0x69, 0x74, 0x75, 0x74, 0x65, 0x2d,
    0x61, 0x70, 0x70, 0x6c, 0x69, 0x63, 0x61, 0x74, 0x69, 0x6f, 0x6e, 0x0a, 0x01, 0x00, 0x00, 0x10,
    0x00, 0x00, 0x00, 0x00, 0x00, 0x00, 0x00, 0x01, 0x00, 0x00, 0x00, 0x1d, 0x00, 0x00, 0x00, 0x73,
    0x75, 0x62, 0x7a, 0x65, 0x72, 0x6f, 0x2d, 0x73, 0x75, 0x62, 0x73, 0x74, 0x69, 0x74, 0x75, 0x74,
    0x65, 0x2d, 0x6c, 0x69, 0x73, 0x74, 0x2d, 0x65, 0x6d, 0x70, 0x74, 0x79, 0x12, 0x01, 0x00, 0x00,
    0x10, 0x00, 0x00, 0x00, 0x02, 0x00, 0x00, 0x00, 0x05, 0x00, 0x00, 0x00, 0x1c, 0x00, 0x00, 0x00,
    0x73, 0x75, 0x62, 0x7a, 0x65, 0x72, 0x6f, 0x2d, 0x73, 0x75, 0x62, 0x73, 0x74, 0x69, 0x74, 0x75,
    0x74, 0x65, 0x2d, 0x6c, 0x69, 0x73, 0x74, 0x2d, 0x73, 0x74, 0x65, 0x70, 0x21, 0x01, 0x00, 0x00,
    0x12, 0x00, 0x00, 0x00, 0x03, 0x00, 0x00, 0x00, 0x07, 0x00, 0x00, 0x00, 0x20, 0x00, 0x00, 0x00,
    0x73, 0x75, 0x62, 0x7a, 0x65, 0x72, 0x6f, 0x2d, 0x72, 0x6f, 0x6f, 0x74, 0x2d, 0x73, 0x74, 0x65,
    0x70, 0x2d, 0x66, 0x72, 0x6f, 0x6d, 0x2d, 0x72, 0x75, 0x6c, 0x65, 0x2d, 0x61, 0x74, 0x6f, 0x6d,
    0x34, 0x01, 0x00, 0x00, 0x15, 0x00, 0x00, 0x00, 0x01, 0x00, 0x00, 0x00, 0x04, 0x00, 0x00, 0x00,
    0x11, 0x00, 0x00, 0x00, 0x73, 0x75, 0x62, 0x7a, 0x65, 0x72, 0x6f, 0x2d, 0x73, 0x74, 0x65, 0x70,
    0x2d, 0x72, 0x6f, 0x6f, 0x74, 0x43, 0x01, 0x00, 0x00, 0x16, 0x00, 0x00, 0x00, 0x01, 0x00, 0x00,
    0x00, 0x05, 0x00, 0x00, 0x00, 0x1d, 0x00, 0x00, 0x00, 0x73, 0x75, 0x62, 0x7a, 0x65, 0x72, 0x6f,
    0x2d, 0x73, 0x74, 0x65, 0x70, 0x2d, 0x61, 0x70, 0x70, 0x6c, 0x69, 0x63, 0x61, 0x74, 0x69, 0x6f,
    0x6e, 0x2d, 0x68, 0x65, 0x61, 0x64, 0x51, 0x01, 0x00, 0x00, 0x17, 0x00, 0x00, 0x00, 0x01, 0x00,
    0x00, 0x00, 0x05, 0x00, 0x00, 0x00, 0x21, 0x00, 0x00, 0x00, 0x73, 0x75, 0x62, 0x7a, 0x65, 0x72,
    0x6f, 0x2d, 0x73, 0x74, 0x65, 0x70, 0x2d, 0x61, 0x70, 0x70, 0x6c, 0x69, 0x63, 0x61, 0x74, 0x69,
    0x6f, 0x6e, 0x2d, 0x61, 0x72, 0x67, 0x75, 0x6d, 0x65, 0x6e, 0x74, 0x61, 0x01, 0x00, 0x00, 0x18,
    0x00, 0x00, 0x00, 0x01, 0x00, 0x00, 0x00, 0x05, 0x00, 0x00, 0x00, 0x16, 0x00, 0x00, 0x00, 0x73,
    0x75, 0x62, 0x7a, 0x65, 0x72, 0x6f, 0x2d, 0x73, 0x74, 0x65, 0x70, 0x2d, 0x6c, 0x69, 0x73, 0x74,
    0x2d, 0x68, 0x65, 0x61, 0x64, 0x72, 0x01, 0x00, 0x00, 0x19, 0x00, 0x00, 0x00, 0x01, 0x00, 0x00,
    0x00, 0x06, 0x00, 0x00, 0x00, 0x16, 0x00, 0x00, 0x00, 0x73, 0x75, 0x62, 0x7a, 0x65, 0x72, 0x6f,
    0x2d, 0x73, 0x74, 0x65, 0x70, 0x2d, 0x6c, 0x69, 0x73, 0x74, 0x2d, 0x74, 0x61, 0x69, 0x6c, 0x7f,
    0x01, 0x00, 0x00, 0x1a, 0x00, 0x00, 0x00, 0x02, 0x00, 0x00, 0x00, 0x05, 0x00, 0x00, 0x00, 0x18,
    0x00, 0x00, 0x00, 0x73, 0x75, 0x62, 0x7a, 0x65, 0x72, 0x6f, 0x2d, 0x65, 0x76, 0x61, 0x6c, 0x75,
    0x61, 0x74, 0x65, 0x2d, 0x72, 0x65, 0x71, 0x75, 0x65, 0x73, 0x74, 0x11, 0x00, 0x00, 0x00, 0x22,
    0x00, 0x00, 0x00, 0x2e, 0x00, 0x00, 0x00, 0x52, 0x00, 0x00, 0x00, 0x60, 0x00, 0x00, 0x00, 0x65,
    0x00, 0x00, 0x00, 0x76, 0x00, 0x00, 0x00, 0x7a, 0x00, 0x00, 0x00, 0x85, 0x00, 0x00, 0x00, 0xb4,
    0x00, 0x00, 0x00, 0xb9, 0x00, 0x00, 0x00, 0xcc, 0x00, 0x00, 0x00, 0xd1, 0x00, 0x00, 0x00, 0xda,
    0x00, 0x00, 0x00, 0x02, 0x01, 0x00, 0x00, 0x06, 0x01, 0x00, 0x00, 0x16, 0x01, 0x00, 0x00, 0x1a,
    0x01, 0x00, 0x00, 0x26, 0x01, 0x00, 0x00, 0x2b, 0x01, 0x00, 0x00, 0x2f, 0x01, 0x00, 0x00, 0x39,
    0x01, 0x00, 0x00, 0x48, 0x01, 0x00, 0x00, 0x56, 0x01, 0x00, 0x00, 0x66, 0x01, 0x00, 0x00, 0x79,
    0x01, 0x00, 0x00, 0x89, 0x01, 0x00, 0x00, 0x8e, 0x01, 0x00, 0x00,
};

static const CettaGsltEmbeddedSourceV1 cetta_subzero_language_v1_sources[] = {
    {
        .input = {
            .bytes = cetta_subzero_language_v1_semantic_0,
            .length = sizeof(cetta_subzero_language_v1_semantic_0),
            .source = "semantics/free_bag_rewrite_core_v1.metta",
        },
        .sha256 = "69843804e66eaadebdd1b04e24e424bdab0989f92b43a27d12c889be6d8a4ba6",
    },
    {
        .input = {
            .bytes = cetta_subzero_language_v1_semantic_1,
            .length = sizeof(cetta_subzero_language_v1_semantic_1),
            .source = "semantics/public_result_bag_v1.metta",
        },
        .sha256 = "3877ee9508d7bc573a793527794df658ae53e60cf8b9462c004a0137f384af24",
    },
};

const CettaGsltEmbeddedLanguageV1 cetta_subzero_language_v1 = {
    .name = "subzero",
    .profile_name = NULL,
    .syntax_backend = "he-reader-direct-v1",
    .term_abi = "finite-horn-quote-v1",
    .manifest = {
        .input = {
            .bytes = cetta_subzero_language_v1_manifest_v1,
            .length = sizeof(cetta_subzero_language_v1_manifest_v1),
            .source = "langdef.metta",
        },
        .sha256 = "97d5a92485d3641be5dab531c1945df6a3f59686702e32b894a9cc7b0dec9172",
    },
    .semantic_sources = cetta_subzero_language_v1_sources,
    .semantic_source_count = 2u,
    .compiled_plan = {
        .bytes = cetta_subzero_language_v1_compiled_plan_v1,
        .length = sizeof(cetta_subzero_language_v1_compiled_plan_v1),
        .sha256 = "4dba0901c22c66ec3133d9c53745e8fa86dc93cba73f712827b27015238be003",
    },
    .program_nil = "subzero-program-nil",
    .program_cons = "subzero-program-cons",
    .entry_relation = "subzero-evaluate",
    .entry_arity = 3u,
    .program_position = 0u,
    .result_position = 2u,
    .query_relation = NULL,
    .query_arity = 0u,
    .request_pipeline = NULL,
    .observation = "bag",
    .manifest_sha256 = "97d5a92485d3641be5dab531c1945df6a3f59686702e32b894a9cc7b0dec9172",
    .compiler_sha256 = "b0ed2659a0a737ab4aed250ebfd33e841a45f9656e6af43c8439c3996a5cba88",
};
